1696535956.9825797,14:59:16,0.007758269552141428,0.03836122900247574,0.982342004776001,0.0014370093122124672,0.03162292018532753,-0.01706281490623951,1.6202664375305176,-15.403448104858398,-21.941959381103516
1696535957.0240211,14:59:17,0.006061147898435593,0.037875641137361526,0.981610894203186,0.0010350141674280167,0.02863379754126072,-0.016487576067447662,2.7138309478759766,-23.786375045776367,-33.97573471069336
1696535957.0831785,14:59:17,0.00630359398201108,0.03933239355683327,0.9799050092697144,0.0012586796656250954,0.02571287751197815,-0.016260750591754913,3.2748467922210693,-27.87639045715332,-39.87504196166992
1696535957.1248386,14:59:17,0.008243161253631115,0.03933239355683327,0.9825856685638428,0.0038539711385965347,0.0265152957290411,-0.013958051800727844,3.573678493499756,-29.9542179107666,-42.66962432861328
1696535957.1874309,14:59:17,0.008000715635716915,0.040789153426885605,0.9813672304153442,0.0025469940155744553,0.023689229041337967,-0.015062708407640457,3.799302816390991,-30.946857452392578,-45.225830078125
1696535957.2296848,14:59:17,0.010182728059589863,0.03763284906744957,0.9806361198425293,0.002105279825627804,0.022499635815620422,-0.012579075992107391,3.720993995666504,-31.784671783447266,-45.77052688598633
1696535957.2925148,14:59:17,0.009697836823761463,0.037875641137361526,0.9830730557441711,0.0044433362782001495,0.0237916000187397,-0.013141658157110214,4.3260602951049805,-31.67283821105957,-46.09501266479492
1696535957.3380735,14:59:17,0.00654603959992528,0.03933239355683327,0.9818546175956726,0.0003787018358707428,0.02270745486021042,-0.013410873711109161,4.029373645782471,-31.85396385192871,-46.363277435302734
1696535957.4233088,14:59:17,0.009455390274524689,0.03908960521221161,0.9796612858772278,0.0030375542119145393,0.021115906536579132,-0.010368671268224716,3.845102310180664,-32.20444869995117,-45.88505172729492
1696535957.5305912,14:59:17,0.00872805342078209,0.03957518935203552,0.9791739583015442,0.002326653338968754,0.018292386084794998,-0.010415010154247284,3.752176523208618,-32.351253509521484,-46.28404235839844
1696535957.6351857,14:59:17,0.007758269552141428,0.03763284906744957,0.9772243499755859,-0.00020623207092285156,0.01830136403441429,-0.009302597492933273,3.7022883892059326,-32.240047454833984,-46.09943771362305
1696535957.7543979,14:59:17,0.010182728059589863,0.04030356928706169,0.9842915534973145,0.001810787245631218,0.017078587785363197,-0.009992629289627075,4.182852268218994,-32.119773864746094,-46.33586120605469
1696535957.8636115,14:59:17,0.010910065844655037,0.03714726120233536,0.9838041663169861,0.0011155372485518456,0.016527125611901283,-0.009502183645963669,3.9110052585601807,-32.111026763916016,-46.33085632324219
1696535957.9725652,14:59:17,0.008243161253631115,0.03884681314229965,0.9784428477287292,0.0007447926327586174,0.015112031251192093,-0.0075495317578315735,4.021627902984619,-32.17106246948242,-46.898128509521484
1696535958.124529,14:59:18,0.011879850178956985,0.03253420814871788,0.9764932990074158,0.0010784855112433434,0.01523377001285553,-0.007735636085271835,4.055349826812744,-32.202449798583984,-47.236026763916016
1696535958.2293923,14:59:18,0.006788485683500767,0.04200311377644539,0.9786865711212158,-0.0013624904677271843,0.012986945919692516,-0.008543308824300766,4.1555256843566895,-32.410545349121094,-46.93805694580078
1696535958.34069,14:59:18,0.008970499038696289,0.04030356928706169,0.9779554605484009,0.00342498067766428,0.015040731988847256,-0.00727386400103569,4.012655258178711,-32.4953498840332,-46.420082092285156
1696535958.4506721,14:59:18,0.0058187018148601055,0.03544771298766136,0.9820983409881592,0.0006222110241651535,0.012273112311959267,-0.007758960127830505,4.0294013023376465,-32.64743423461914,-46.49631118774414
1696535958.5555563,14:59:18,0.00872805342078209,0.043459873646497726,0.9820983409881592,0.0005562892183661461,0.01199488528072834,-0.008290156722068787,4.138457775115967,-32.7164306640625,-46.52347183227539
1696535958.6646197,14:59:18,0.01260718796402216,0.03763284906744957,0.9747873544692993,0.0029803020879626274,0.011885296553373337,-0.007068593055009842,4.1705427169799805,-32.26762390136719,-46.62186813354492
1696535958.7767217,14:59:18,0.007273377384990454,0.0424887016415596,0.9813672304153442,0.0013318127021193504,0.010740537196397781,-0.005852077156305313,3.9870805740356445,-32.268882751464844,-46.68217468261719
1696535958.8826284,14:59:18,0.0058187018148601055,0.041517529636621475,0.9796612858772278,0.0024867458269000053,0.00986762810498476,-0.004626225680112839,3.826305866241455,-32.19507598876953,-46.78465270996094
1696535958.9915981,14:59:18,0.015516539104282856,0.02330808714032173,1.044240951538086,0.0036872150376439095,0.009717185981571674,-0.004527941346168518,3.788687229156494,-32.18564224243164,-47.277442932128906
1696535959.0964909,14:59:19,0.018425889313220978,0.03981798142194748,0.9898965954780579,-0.006555094849318266,0.011312547139823437,-0.004543952643871307,4.005772590637207,-32.09495162963867,-46.670021057128906
1696535959.2055688,14:59:19,0.020123012363910675,0.0016995479818433523,0.9869722723960876,0.16881950199604034,0.016109442338347435,0.06602318584918976,3.6221086978912354,-32.278602600097656,-46.46232223510742
1696535959.3535585,14:59:19,0.01624387688934803,0.06288327276706696,0.9745436906814575,-0.06558706611394882,0.021305682137608528,-0.0059416815638542175,3.8847122192382812,-32.206912994384766,-46.33708953857422
1696535959.4666257,14:59:19,-0.01184811070561409,0.2214268296957016,0.8361238837242126,0.16134938597679138,-0.024203777313232422,-0.4420994520187378,4.08732271194458,-31.53211212158203,-47.364280700683594
1696535959.5707104,14:59:19,0.01309207919985056,0.017966650426387787,0.988434374332428,-0.09949008375406265,-0.05138728395104408,-0.4005606174468994,3.930190086364746,-30.880836486816406,-48.0111198425293
1696535959.6807272,14:59:19,0.07006686925888062,0.017966650426387787,0.9998881816864014,-0.060394708067178726,-0.020844019949436188,-0.9262101650238037,4.20193338394165,-30.117979049682617,-48.674598693847656
1696535959.7856364,14:59:19,0.12098050862550735,0.023793673142790794,0.9360396265983582,-0.06008927524089813,0.0005362648516893387,-0.10032036900520325,3.9954867362976074,-29.24745750427246,-49.07433319091797
1696535959.8986373,14:59:19,0.013576971367001534,0.012868006713688374,1.0149974822998047,-0.9366809129714966,0.2021217942237854,-0.5618290901184082,3.2714390754699707,-28.69634437561035,-49.98426818847656
1696535960.0066054,14:59:20,-0.009873425588011742,-0.10879287868738174,1.0749467611312866,-0.8875062465667725,0.2629028856754303,-0.10398554801940918,1.9472588300704956,-27.838590621948242,-52.253578186035156
1696535960.1126244,14:59:20,0.05212587118148804,-0.3442293405532837,1.0868879556655884,-1.1474294662475586,0.4336397051811218,0.16326799988746643,-0.27068331837654114,-26.159574508666992,-53.991451263427734
1696535960.221616,14:59:20,0.15104380249977112,-0.6672308444976807,0.7932332158088684,-0.5903202891349792,-0.018400557339191437,1.7661783695220947,-2.894561767578125,-25.299175262451172,-56.2824592590332
1696535960.3306432,14:59:20,0.01648632250726223,-0.6508274674415588,0.6526201963424683,-0.36735451221466064,-0.5849780440330505,2.255786895751953,-5.632328033447266,-25.759674072265625,-58.545040130615234
1696535960.4426417,14:59:20,-0.08194944262504578,-0.28440535068511963,0.7201241850852966,-0.43241164088249207,-1.2389092445373535,2.579545497894287,-8.934975624084473,-26.904788970947266,-59.45296096801758
1696535960.5835793,14:59:20,-0.07133550196886063,-0.02532871812582016,0.8066365122795105,-0.360634982585907,-1.1466686725616455,1.9372206926345825,-11.508075714111328,-28.314247131347656,-59.735843658447266
1696535960.6968014,14:59:20,-0.1009557768702507,-0.04486801475286484,1.0530141592025757,0.5364206433296204,-0.5932247042655945,1.4503610134124756,-14.095865249633789,-29.48735809326172,-59.40080642700195
1696535960.8008137,14:59:20,-0.12761403620243073,-0.10710430145263672,0.9811235070228577,0.23404234647750854,0.011531838215887547,0.73259437084198,-15.795879364013672,-29.491451263427734,-59.02553939819336
1696535960.9057608,14:59:20,-0.016044316813349724,0.07599407434463501,0.7959138751029968,0.722429096698761,-1.7728055715560913,0.11775852739810944,-16.45643424987793,-29.47704315185547,-58.59779739379883
1696535961.0106852,14:59:21,0.04048847034573555,0.012382421642541885,0.9041153192520142,0.7117390036582947,-0.892548680305481,0.08996416628360748,-16.14653968811035,-29.122997283935547,-59.075565338134766
1696535961.1195066,14:59:21,0.157589852809906,0.030106279999017715,1.1224676370620728,-0.003889673389494419,0.46173951029777527,1.4595240354537964,-16.092567443847656,-28.68548583984375,-58.162841796875
1696535961.2243602,14:59:21,0.07855246961116791,-0.11868314445018768,0.9284850358963013,-0.5469488501548767,0.2891700863838196,1.5499321222305298,-16.708097457885742,-28.397132873535156,-58.274776458740234
1696535961.3325682,14:59:21,-0.15476596355438232,-0.16379238665103912,0.991358757019043,-0.5457271337509155,0.7238007187843323,0.401810884475708,-17.67830467224121,-28.713348388671875,-58.26402282714844
1696535961.442486,14:59:21,-0.11305072158575058,-0.042696982622146606,1.0608123540878296,1.1625574827194214,-0.6173539161682129,0.391426146030426,-19.23162078857422,-29.601829528808594,-58.453460693359375
1696535961.5554943,14:59:21,-0.008886083029210567,0.1291656494140625,1.3086520433425903,1.1802725791931152,-0.7822875380516052,-0.024878501892089844,-19.917407989501953,-29.012392044067383,-57.533451080322266
1696535961.6602085,14:59:21,0.15492293238639832,0.10075891762971878,1.14976167678833,1.127738118171692,-0.55199134349823,-0.05481090396642685,-19.2630672454834,-27.611745834350586,-56.88174057006836
1696535961.7683344,14:59:21,0.060853924602270126,-0.112411268055439,1.2835513353347778,-0.5432836413383484,0.3988204002380371,1.371864914894104,-19.992605209350586,-27.134775161743164,-56.404579162597656
1696535961.9173157,14:59:21,0.14425532519817352,0.08959046006202698,1.1268541812896729,0.5058773756027222,-0.36140140891075134,-0.6103928685188293,-20.27741813659668,-26.676849365234375,-56.145687103271484
1696535962.0301259,14:59:22,0.028366170823574066,0.09031883627176285,0.9608966708183289,-0.5573335886001587,-0.6766078472137451,-0.7343984842300415,-20.456735610961914,-27.243396759033203,-56.11737823486328
1696535962.1348083,14:59:22,0.21844376623630524,0.21608540415763855,0.7101326584815979,0.2722214162349701,0.034133851528167725,-0.5483900308609009,-20.380802154541016,-27.820049285888672,-56.716609954833984
1696535962.2475586,14:59:22,0.037094224244356155,0.0699242651462555,0.7337712049484253,0.04589584469795227,0.1969294399023056,-0.4271332621574402,-21.013954162597656,-27.838930130004883,-56.49577713012695
1696535962.3522534,14:59:22,0.081219382584095,0.18549352884292603,0.8760901689529419,0.15768419206142426,0.7897741794586182,0.07011103630065918,-21.58472442626953,-27.043153762817383,-56.32516098022461
1696535962.4609613,14:59:22,-0.03208863362669945,0.18258000910282135,0.9353085160255432,-0.22044140100479126,0.22655640542507172,0.3321722149848938,-22.78628158569336,-27.336864471435547,-56.02057647705078
1696535962.5695992,14:59:22,-0.029373442754149437,0.12795168161392212,0.972594141960144,-0.35330459475517273,0.030163228511810303,0.2558140754699707,-23.781299591064453,-27.9420108795166,-56.52219772338867
1696535962.672482,14:59:22,-0.009873425588011742,0.07720804214477539,0.9201992750167847,-0.3490285575389862,-0.31650280952453613,0.3520253300666809,-24.414043426513672,-28.656396865844727,-56.80803680419922
1696535962.7770774,14:59:22,0.2472948431968689,-0.03304794803261757,0.9375017285346985,0.39622706174850464,-0.22945450246334076,-0.037095807492733,-24.8134708404541,-29.02325439453125,-56.25352096557617
1696535962.8857498,14:59:22,0.05745968222618103,0.11532647162675858,1.002325177192688,0.07369021326303482,0.06650970876216888,-0.0627521499991417,-24.952564239501953,-28.856304168701172,-56.11952590942383
1696535963.0374985,14:59:23,0.14692223072052002,0.050743646919727325,0.9428631067276001,0.23801295459270477,0.22594553232192993,-0.1940881758928299,-25.317813873291016,-28.715351104736328,-56.062068939208984
1696535963.1461802,14:59:23,-0.047639280557632446,0.06336886435747147,0.9321404099464417,0.12286486476659775,0.03718817979097366,-0.062141284346580505,-25.27201271057129,-28.697200775146484,-56.131744384765625
1696535963.2590039,14:59:23,-0.02813926339149475,0.0849774032831192,1.153173565864563,-0.2186087965965271,-0.23342514038085938,0.0740816593170166,-25.13906478881836,-28.214941024780273,-56.399776458740234
1696535963.3677561,14:59:23,-0.015550645999610424,0.1201823279261589,0.952610969543457,0.0947650596499443,0.11507350206375122,0.01940922439098358,-25.19575309753418,-28.222698211669922,-55.972511291503906
1696535963.4766443,14:59:23,0.039276234805583954,0.048558514565229416,0.9387202858924866,-0.6269721984863281,0.13278858363628387,-0.02610023319721222,-25.40965461730957,-28.350650787353516,-55.90404510498047
1696535963.5894978,14:59:23,-0.03801268711686134,0.10707152634859085,0.9528546929359436,-0.3908728063106537,-0.09811846911907196,0.28910624980926514,-25.553667068481445,-28.1900634765625,-56.21567916870117
1696535963.6924942,14:59:23,0.086068294942379,0.0019423406338319182,1.0481401681900024,0.18303509056568146,-0.3076452612876892,0.43937909603118896,-25.632774353027344,-28.255943298339844,-56.06080627441406
1696535963.8014545,14:59:23,0.011637403629720211,0.06603957712650299,0.9852663278579712,0.17295582592487335,-0.039169978350400925,0.024296147748827934,-25.62398910522461,-28.316240310668945,-56.29431915283203
1696535963.9145036,14:59:23,-0.004689877387136221,0.08473461121320724,0.9404261112213135,-0.02101840451359749,-0.16875199973583221,0.052128326147794724,-25.467098236083984,-27.763179779052734,-56.14232635498047
1696535964.0234456,14:59:24,-0.013082289136946201,0.08643415570259094,0.9981822967529297,-0.097295381128788,-0.026897788047790527,0.010637382045388222,-25.23419952392578,-28.176273345947266,-56.288604736328125
1696535964.1638596,14:59:24,0.026669051498174667,0.10075891762971878,0.9857537150382996,0.08260443806648254,0.3710809051990509,-0.16956786811351776,-25.147281646728516,-28.4717960357666,-55.726593017578125
1696535964.2768867,14:59:24,-0.0718291699886322,0.08206389099359512,1.0600812435150146,-0.11653763055801392,-0.23978431522846222,0.026519879698753357,-25.05712127685547,-28.306888580322266,-55.63592529296875
1696535964.3806531,14:59:24,-0.07108866423368454,0.08934766799211502,0.9321404099464417,-0.08568894118070602,0.0882503092288971,0.23879554867744446,-24.982341766357422,-28.440139770507812,-55.746009826660156
1696535964.491592,14:59:24,-0.09799375385046005,0.09541748464107513,0.9689386487007141,0.03476840257644653,0.14343315362930298,0.060011379420757294,-25.112634658813477,-28.678359985351562,-55.73077392578125
1696535964.5974128,14:59:24,-0.006170891225337982,0.13353590667247772,1.0542325973510742,-0.07621315121650696,0.14639197289943695,0.22314073145389557,-25.31667709350586,-28.916379928588867,-55.89073181152344
1696535964.710444,14:59:24,-0.04541775956749916,0.06531120836734772,1.0398544073104858,-0.03711777180433273,-0.13277344405651093,-0.04380737617611885,-25.846662521362305,-28.801876068115234,-56.129520416259766
1696535964.8127093,14:59:24,0.0768553614616394,0.05122923478484154,1.0866442918777466,0.28084027767181396,0.45974892377853394,-0.0634247362613678,-25.7230224609375,-28.857101440429688,-56.424468994140625
1696535964.9218402,14:59:24,-0.08441779017448425,0.061426520347595215,0.9163001775741577,-0.15653923153877258,-0.04360402375459671,0.06485696882009506,-25.812671661376953,-29.176897048950195,-56.85763931274414
1696535965.0310137,14:59:25,0.029335955157876015,0.017966650426387787,0.8763338923454285,0.06551028788089752,0.20623984932899475,0.008046498522162437,-26.04401969909668,-29.286191940307617,-56.974674224853516
1696535965.1829193,14:59:25,-0.09231653064489365,0.016509894281625748,0.8863254189491272,-0.08354083448648453,0.044055137783288956,-0.030132576823234558,-26.136533737182617,-29.487730026245117,-57.096900939941406
1696535965.2488065,14:59:25,-0.12193681299686432,0.024279257282614708,0.9842915534973145,0.06439130008220673,0.0982181578874588,-0.01450851559638977,-26.151418685913086,-29.469959259033203,-57.28102111816406
1696535965.3966856,14:59:25,-0.0012341781985014677,0.03496213257312775,1.089324951171875,0.09324663132429123,0.05313696339726448,0.1701781302690506,-26.18680191040039,-29.743391036987305,-58.08769607543945
1696535965.5017154,14:59:25,-0.043196238577365875,0.08813370019197464,1.0320560932159424,-0.2033284604549408,-0.19181999564170837,-0.08119292557239532,-26.165193557739258,-30.106109619140625,-58.68340301513672
1696535965.6146517,14:59:25,-0.11181654781103134,0.2046741396188736,0.8697540163993835,0.1405886709690094,-0.05040469765663147,-0.19603557884693146,-26.03590965270996,-30.462604522705078,-58.771236419677734
1696535965.725219,14:59:25,-0.04294940456748009,0.04710175842046738,0.8829137086868286,-0.1143258661031723,0.1732645183801651,0.020171334967017174,-25.604747772216797,-31.458003997802734,-58.6330680847168
1696535965.835863,14:59:25,-0.08293677866458893,0.099544957280159,0.8773086667060852,-0.016587423160672188,-0.032291628420352936,0.29200637340545654,-25.31967544555664,-31.411701202392578,-59.53285598754883
1696535965.9467034,14:59:25,-0.06195574998855591,0.07793641835451126,0.9998881816864014,-0.09678885340690613,0.08659981191158295,0.2562371790409088,-24.757360458374023,-31.61077308654785,-60.10404586791992
1696535966.0613475,14:59:26,-0.03628484159708023,0.23866510391235352,1.0620309114456177,-0.6761945486068726,0.24267588555812836,0.2611241042613983,-24.09058952331543,-32.203453063964844,-60.56584167480469
1696535966.1719918,14:59:26,-0.03381648287177086,-0.07888086885213852,1.0457031726837158,0.4337475895881653,-0.1843189299106598,-0.051944341510534286,-23.252119064331055,-32.5062141418457,-60.80869674682617
1696535966.315374,14:59:26,-0.006417726632207632,-0.038354918360710144,0.8897371888160706,0.19856448471546173,-0.30282679200172424,0.1612476259469986,-22.28989601135254,-32.35235595703125,-60.39440155029297
1696535966.4305968,14:59:26,-0.0017278495943173766,-0.002653484931215644,0.8741406202316284,0.01805068552494049,0.017276709899306297,-0.11023029685020447,-21.360395431518555,-32.30075454711914,-60.224605560302734
1696535966.5356483,14:59:26,-0.0834304466843605,-0.0031359365675598383,0.9085018634796143,0.01957784593105316,-0.22615309059619904,0.029046982526779175,-20.538118362426758,-32.576053619384766,-60.34241485595703
1696535966.6506655,14:59:26,-0.003208863316103816,0.062640480697155,0.9981822967529297,0.07317692041397095,0.06155640631914139,-0.18550840020179749,-19.427701950073242,-32.540016174316406,-60.15657043457031
1696535966.7622316,14:59:26,0.03127552196383476,0.02282250113785267,1.0861568450927734,-0.04716353863477707,0.3227013051509857,-0.26889151334762573,-17.963977813720703,-32.6091194152832,-60.36996841430664
1696535966.8786683,14:59:26,-0.023943057283759117,0.11605485528707504,1.0342494249343872,-0.1418476551771164,0.011160025373101234,-0.14183153212070465,-17.36783218383789,-33.276939392089844,-59.79258346557617
1696535966.9931185,14:59:26,-0.06467094272375107,0.0016995479818433523,1.0074427127838135,-0.24905449151992798,-0.23837843537330627,0.1187024861574173,-16.580944061279297,-33.500877380371094,-59.384769439697266
1696535967.1542816,14:59:27,-0.020240522921085358,0.1527165323495865,0.8897371888160706,0.2426920384168625,0.08660188317298889,-0.18245407938957214,-15.794517517089844,-33.52958297729492,-58.67064666748047
1696535967.2752285,14:59:27,-0.019253181293606758,0.08182109892368317,0.9111825227737427,-0.24600017070770264,-0.09665769338607788,0.04539865627884865,-14.417708396911621,-34.01592254638672,-58.4112434387207
1696535967.391985,14:59:27,-0.07281651347875595,0.06531120836734772,0.9396950602531433,-0.09713322669267654,0.1218642145395279,0.1994776576757431,-13.263489723205566,-34.763736724853516,-57.63911056518555
1696535967.5498815,14:59:27,-0.051341813057661057,0.10974223911762238,1.1838792562484741,-0.18845759332180023,-0.23579739034175873,0.2306317836046219,-11.759298324584961,-35.48158645629883,-56.72847366333008
1696535967.659062,14:59:27,0.22062578797340393,0.025007635354995728,0.9764932990074158,0.35857224464416504,0.2687773108482361,-0.08152036368846893,-9.744062423706055,-35.2977180480957,-55.85380554199219
1696535967.7778444,14:59:27,-0.004196206107735634,0.03399096056818962,0.968207597732544,-0.3762986361980438,-0.27519816160202026,0.4022849202156067,-8.451628684997559,-35.03432083129883,-55.452327728271484
1696535967.8987074,14:59:27,-0.03801268711686134,0.06725354492664337,0.8534263372421265,0.037867993116378784,-0.12187100946903229,0.0886056125164032,-6.946434020996094,-35.06957244873047,-54.72016525268555
1696535968.0153515,14:59:28,0.010910065844655037,0.1051291823387146,0.9623588919639587,0.2098548859357834,-0.19690214097499847,-0.06953711807727814,-6.359133243560791,-35.47698974609375,-54.11887741088867
1696535968.180037,14:59:28,0.00315179699100554,0.07089542597532272,1.035224199295044,-0.36496931314468384,0.1683952808380127,-0.3731371760368347,-5.599672317504883,-34.338565826416016,-52.95707702636719
1696535968.3008964,14:59:28,0.04073091223835945,0.11484088748693466,1.0846946239471436,0.2562806308269501,-0.4690425992012024,-0.3853544592857361,-3.9074912071228027,-33.11143112182617,-52.14867401123047
1696535968.4175854,14:59:28,0.0863107442855835,0.15854354202747345,0.9002161026000977,-0.47034358978271484,0.15984316170215607,0.17358724772930145,-3.29828143119812,-31.711257934570312,-51.20110321044922
1696535968.582378,14:59:28,0.04267048090696335,0.05414274334907532,0.9089892506599426,0.19794301688671112,0.061493851244449615,0.11250071227550507,-3.406766653060913,-31.415294647216797,-50.398681640625
1696535968.6939552,14:59:28,-0.042208895087242126,0.12115348875522614,0.8929052352905273,-0.1751163750886917,0.16432538628578186,0.12413625419139862,-3.4761509895324707,-30.828121185302734,-49.6767463684082
1696535968.8026202,14:59:28,-0.06516461074352264,0.06749633699655533,0.9964764714241028,-0.11811935901641846,0.027329839766025543,0.13466249406337738,-3.9082019329071045,-30.804790496826172,-49.11151123046875
1696535968.9072576,14:59:28,-0.03677850961685181,0.09760261327028275,1.0630056858062744,-0.14744089543819427,0.15469524264335632,-0.20345142483711243,-4.3181257247924805,-30.96314239501953,-49.57198715209961
1696535969.0160325,14:59:29,-0.004936712794005871,0.11338412761688232,1.099072813987732,-0.028322167694568634,-0.03772731125354767,0.4434548616409302,-4.4892988204956055,-30.954452514648438,-48.919281005859375
1696535969.1264977,14:59:29,0.014789201319217682,-0.09287197142839432,0.9847790002822876,0.27039095759391785,-0.1174452155828476,0.41993656754493713,-4.829862594604492,-31.278486251831055,-48.47597885131836
1696535969.2352,14:59:29,0.15031647682189941,0.0019423406338319182,0.9362832903862,0.3736271858215332,0.14705942571163177,-0.013777758926153183,-5.100041389465332,-31.514892578125,-47.965484619140625
1696535969.3480275,14:59:29,-0.015550645999610424,0.09201838076114655,0.8846195340156555,-0.007651776075363159,0.08914612978696823,-0.030009113252162933,-5.462599754333496,-31.55274200439453,-48.03635025024414
1696535969.4933343,14:59:29,0.00630359398201108,0.05122923478484154,0.9577286243438721,0.16035182774066925,-0.24656470119953156,-0.1383645385503769,-5.353085994720459,-31.42913055419922,-48.31437301635742
1696535969.6021073,14:59:29,0.005091364029794931,0.06919588893651962,1.008173942565918,0.13591721653938293,0.1297282874584198,-0.3338414430618286,-5.498652935028076,-30.899410247802734,-48.32553482055664
1696535969.706798,14:59:29,-0.12539251148700714,0.11119899898767471,1.02303946018219,0.08888060599565506,0.0842188224196434,-0.31185024976730347,-5.618061065673828,-30.518966674804688,-48.81224822998047
1696535969.8205996,14:59:29,0.10837332904338837,0.05414274334907532,0.9916024804115295,0.10384680330753326,0.028630083426833153,-0.38271063566207886,-5.026209831237793,-30.16347885131836,-48.84241485595703
1696535969.9253027,14:59:29,-0.010860768146812916,0.025007635354995728,0.8561070561408997,0.2840520441532135,-0.08835060894489288,-0.40195292234420776,-4.819582462310791,-29.594467163085938,-49.768333435058594
1696535970.0340285,14:59:30,0.046549614518880844,0.12406700849533081,0.9560227394104004,-0.014661058783531189,-0.20197154581546783,-0.3005492687225342,-4.394847393035889,-28.940454483032227,-50.27510452270508
1696535970.1427705,14:59:30,0.09382656961679459,0.12042511999607086,1.0001319646835327,0.082161083817482,-0.27222102880477905,0.1850886046886444,-4.108752727508545,-28.893630981445312,-50.79985427856445
1696535970.2526166,14:59:30,0.02521437592804432,0.11702601611614227,0.956266462802887,-0.24281923472881317,-0.08102022856473923,0.2852705121040344,-3.80195689201355,-29.0106143951416,-51.4304313659668
1696535970.3572521,14:59:30,-0.013822796754539013,0.11775439977645874,1.0089049339294434,-0.04306629300117493,-0.1830347180366516,0.25839245319366455,-3.6846911907196045,-29.35685920715332,-51.4749755859375
1696535970.4659622,14:59:30,0.1643783301115036,0.024279257282614708,0.9121572971343994,-0.29504820704460144,0.38048845529556274,0.09315338730812073,-3.60980224609375,-30.582887649536133,-51.53485870361328
1696535970.5789633,14:59:30,0.05988414213061333,0.024279257282614708,0.9433504939079285,-0.021075144410133362,-0.07979849725961685,0.3668209910392761,-3.880812644958496,-31.18410301208496,-52.40975570678711
1696535970.7238805,14:59:30,0.15104380249977112,-0.11434107273817062,0.984535276889801,0.20738844573497772,0.1449999064207077,0.8136689066886902,-3.9506921768188477,-31.87316131591797,-53.16156768798828
1696535970.8328083,14:59:30,0.19807831943035126,-0.1406347006559372,1.0132914781570435,0.19242225587368011,0.03076811134815216,1.6841518878936768,-4.81225061416626,-33.36603546142578,-52.62262725830078
1696535970.9375293,14:59:30,0.22692936658859253,-0.2043183296918869,1.038879632949829,0.07819046080112457,0.5802413821220398,2.572350025177002,-7.370405673980713,-35.938140869140625,-52.57032012939453
1696535971.0504456,14:59:31,0.14377044141292572,-0.10613939166069031,1.0147536993026733,-0.44532105326652527,0.39484381675720215,3.1270158290863037,-12.304176330566406,-39.31917190551758,-52.08964920043945
1696535971.1552076,14:59:31,0.3183314800262451,-0.053069695830345154,1.0376611948013306,-0.4178321361541748,0.2809174060821533,3.43764066696167,-18.796350479125977,-41.706031799316406,-52.44828796386719
1696535971.264029,14:59:31,0.28244951367378235,-0.019539296627044678,0.9489555358886719,-0.08307796716690063,0.15324659645557404,3.0372185707092285,-26.748302459716797,-41.229801177978516,-52.76018142700195
1696535971.3728795,14:59:31,0.1692272573709488,0.10755711048841476,0.9518798589706421,-0.31459590792655945,-0.25694942474365234,2.6407670974731445,-32.60130310058594,-39.501426696777344,-52.84233856201172
1696535971.4955008,14:59:31,0.23638476431369781,0.13620664179325104,0.9940394163131714,0.0971272811293602,0.21891461312770844,2.164902925491333,-36.5246467590332,-36.98343276977539,-52.22351837158203
1696535971.6435974,14:59:31,0.09819059818983078,0.15563005208969116,0.9959890246391296,-0.36560314893722534,0.17340514063835144,2.240650177001953,-39.823490142822266,-33.33836364746094,-51.53596115112305
1696535971.748326,14:59:31,0.11928339302539825,0.19277730584144592,0.9972074627876282,-0.31367960572242737,0.10132304579019547,1.9269708395004272,-42.20530700683594,-29.531572341918945,-51.31675720214844
1696535971.857116,14:59:31,0.03515465557575226,0.23380924761295319,0.8580566048622131,0.45814862847328186,-0.2954339385032654,1.6343663930892944,-43.31785202026367,-26.266983032226562,-50.679412841796875
1696535971.9659104,14:59:31,0.05624745413661003,0.21535702049732208,0.9896529316902161,0.04947979748249054,0.0161073449999094,1.3942962884902954,-43.32518005371094,-22.329099655151367,-50.095672607421875
1696535972.0747073,14:59:32,-0.0718291699886322,0.22385476529598236,0.9947705268859863,0.03176470100879669,-0.21999207139015198,1.0070078372955322,-43.05290603637695,-18.637313842773438,-50.229305267333984
1696535972.1876411,14:59:32,0.027638833969831467,0.07817921042442322,1.0162159204483032,-0.21838462352752686,-0.13386006653308868,0.2657228112220764,-42.23576354980469,-16.489866256713867,-49.71152877807617
1696535972.3069723,14:59:32,0.037094224244356155,0.06895309686660767,0.9686949253082275,-0.3130687475204468,0.30351942777633667,0.12278035283088684,-41.670230865478516,-15.405280113220215,-49.97791290283203
1696535972.4182513,14:59:32,-0.1806837022304535,0.06603957712650299,0.9799050092697144,-0.23945946991443634,-0.21174539625644684,0.3402484059333801,-41.15512466430664,-15.160750389099121,-49.9594612121582
1696535972.5742624,14:59:32,-0.054057009518146515,0.12673772871494293,0.9124009609222412,-0.16978232562541962,0.08153031766414642,0.0823093056678772,-40.71030807495117,-14.801775932312012,-49.85894012451172
1696535972.6871033,14:59:32,-0.09206970036029816,-0.0009649035637266934,0.9984260201454163,-0.1102229654788971,-0.11516829580068588,-0.019705187529325485,-40.59734344482422,-14.797117233276367,-49.4406623840332
1696535972.7906048,14:59:32,-0.0017278495943173766,0.06531120836734772,0.9925772547721863,0.043409645557403564,-0.015597259625792503,-0.20876798033714294,-40.611995697021484,-14.746638298034668,-49.420372009277344
1696535972.895308,14:59:32,-0.09404438734054565,0.10585755854845047,0.923611044883728,0.16375009715557098,-0.2959843873977661,-0.0850677639245987,-40.505149841308594,-14.677518844604492,-49.79573059082031
1696535973.0081987,14:59:33,-0.1145317405462265,0.13183635473251343,0.9689386487007141,0.05440521985292435,-0.0586632564663887,-0.3975253403186798,-40.54651641845703,-14.695622444152832,-49.95237731933594
1696535973.117007,14:59:33,-0.16266469657421112,0.1604858934879303,0.9967200756072998,0.17138591408729553,-0.25841617584228516,-0.13302068412303925,-40.878231048583984,-14.827766418457031,-49.5194206237793
1696535973.2271044,14:59:33,-0.12514567375183105,0.0424887016415596,0.9879470467567444,0.16588813066482544,-0.032701484858989716,-0.19349634647369385,-40.7288932800293,-14.365592956542969,-50.30837631225586
1696535973.347764,14:59:33,-0.09750007838010788,0.1648561656475067,1.0130478143692017,-0.2528991401195526,0.3393414318561554,0.04098101705312729,-40.59725570678711,-13.826569557189941,-50.56882095336914
1696535973.4973314,14:59:33,-0.05529118701815605,0.14688950777053833,1.0593502521514893,-0.279471755027771,0.2632887065410614,-0.05675742030143738,-41.031211853027344,-13.790474891662598,-51.246028900146484
1696535973.6101325,14:59:33,-0.17500647902488708,0.052928779274225235,1.051308274269104,-0.023824675008654594,-0.8958280682563782,0.5727392435073853,-40.99921417236328,-13.811084747314453,-51.95166778564453
1696535973.7150364,14:59:33,-0.14489252865314484,0.05122923478484154,0.8887624144554138,0.14141437411308289,0.12828750908374786,-0.08821698278188705,-40.687015533447266,-13.569466590881348,-53.30508804321289
1696535973.8278108,14:59:33,0.1762581765651703,-0.01905684731900692,0.9640647172927856,-0.031460490077733994,0.15883077681064606,-0.06225521117448807,-39.98881912231445,-13.387613296508789,-54.405025482177734
1696535973.9324145,14:59:33,-0.09651274234056473,0.03617609292268753,0.8495271801948547,-0.15619248151779175,0.00587823148816824,0.086225226521492,-39.87782287597656,-13.455815315246582,-55.58334732055664
1696535974.041034,14:59:34,-0.02715192176401615,0.09517469257116318,0.9545605182647705,-0.014228524640202522,-0.009836125187575817,-0.05336162447929382,-39.44603729248047,-12.53165340423584,-56.38991928100586
1696535974.1496322,14:59:34,-0.07108866423368454,0.06628236919641495,1.1200306415557861,-0.15194740891456604,-0.1267259418964386,0.05003737285733223,-38.92786407470703,-11.647841453552246,-57.511966705322266
1696535974.2623665,14:59:34,0.03903379291296005,0.15611563622951508,1.1134508848190308,-0.139424666762352,0.15763182938098907,-0.13322219252586365,-38.339256286621094,-11.340167999267578,-58.108436584472656
1696535974.3709815,14:59:34,0.07346111536026001,0.07672245800495148,0.9825856685638428,0.30345264077186584,0.24437470734119415,-0.38123348355293274,-37.591556549072266,-11.193936347961426,-58.24363708496094
1696535974.5133195,14:59:34,0.027153942734003067,0.03059186413884163,0.9509051442146301,-0.09574780613183975,-0.06319595873355865,-0.15338075160980225,-36.477752685546875,-11.192852973937988,-59.379581451416016
1696535974.6260636,14:59:34,-0.06096840649843216,0.13062241673469543,0.860493540763855,0.07703200727701187,0.11984754353761673,-0.05440685153007507,-35.01845932006836,-11.419573783874512,-59.96440887451172
1696535974.7347107,14:59:34,-0.08244311064481735,0.06385444849729538,0.9216614961624146,-0.3580206036567688,-0.11440842598676682,0.23298025131225586,-34.282867431640625,-11.564359664916992,-60.691551208496094
1696535974.8406405,14:59:34,-0.08614564687013626,0.08230668306350708,0.9279976487159729,0.014723445288836956,-0.03135140240192413,0.0051887743175029755,-32.8168830871582,-11.83319091796875,-60.735984802246094
1696535974.9451716,14:59:34,-0.09429121762514114,0.07842200249433517,1.0605686902999878,-0.31941983103752136,0.21849247813224792,-0.15394163131713867,-31.681089401245117,-12.837448120117188,-61.145782470703125
1696535975.0579746,14:59:35,-0.12168997526168823,0.0922611802816391,1.1697449684143066,-0.16303834319114685,-0.32365041971206665,0.21990790963172913,-30.369699478149414,-13.65389633178711,-61.074485778808594
1696535975.1666784,14:59:35,0.05988414213061333,0.06385444849729538,0.9326278567314148,0.2627347409725189,-0.20086652040481567,0.18722660839557648,-29.15059471130371,-13.984857559204102,-61.074256896972656
1696535975.2712889,14:59:35,0.1692272573709488,0.0048558516427874565,0.9867285490036011,0.10024458169937134,0.3418872654438019,-0.0161915086209774,-28.252872467041016,-14.199359893798828,-61.925025939941406
1696535975.381014,14:59:35,-0.06343676149845123,0.05754183977842331,0.8790145516395569,-0.051589854061603546,0.015421606600284576,0.10329943895339966,-27.487489700317383,-14.413176536560059,-62.02628707885742
1696535975.533512,14:59:35,-0.06738612800836563,0.08424901962280273,0.9842915534973145,0.039951980113983154,-0.13057859241962433,-0.041950516402721405,-26.92474365234375,-14.720745086669922,-62.45598602294922
1696535975.6034174,14:59:35,-0.10144944489002228,0.09930216521024704,0.9511488080024719,-0.049914952367544174,-0.029166515916585922,-0.07832184433937073,-26.28203582763672,-14.910231590270996,-63.09754180908203
1696535975.7447102,14:59:35,-0.08515829592943192,0.04758734628558159,1.0666611194610596,-0.1195535957813263,0.17852766811847687,-0.1055053323507309,-25.66891860961914,-15.610380172729492,-62.971099853515625
1696535975.8592165,14:59:35,0.18498623371124268,0.1553872525691986,1.0598376989364624,0.13456635177135468,-0.05115766450762749,-0.2059926688671112,-24.808490753173828,-15.557861328125,-62.86732864379883
1696535975.9719427,14:59:35,0.06836974620819092,0.041517529636621475,0.9606529474258423,-0.12230248749256134,-0.04291098192334175,-0.13207797706127167,-23.864654541015625,-15.400318145751953,-62.45494079589844
1696535976.0847082,14:59:36,-0.05479751527309418,0.1313507854938507,0.8419725894927979,0.11593496054410934,-0.04230011627078056,-0.07710011303424835,-22.917865753173828,-15.48520565032959,-62.05998229980469
1696535976.192834,14:59:36,-0.011107604019343853,0.11484088748693466,1.0006192922592163,0.08722428977489471,-0.019392669200897217,0.02735785022377968,-21.99095916748047,-15.458918571472168,-62.06806945800781
1696535976.305748,14:59:36,-0.07849373668432236,0.08594857156276703,0.9552916288375854,0.1883224993944168,0.08201095461845398,-0.07068602740764618,-20.72756576538086,-15.567720413208008,-61.599090576171875
1696535976.4146352,14:59:36,-0.0407278798520565,0.16704128682613373,1.031325101852417,-0.18644332885742188,0.2420576512813568,0.004144970327615738,-19.847305297851562,-15.646706581115723,-61.19720458984375
1696535976.5664678,14:59:36,0.029335955157876015,-0.012543746270239353,1.102240800857544,-0.18583247065544128,-0.05818261578679085,0.27170395851135254,-18.884180068969727,-16.612735748291016,-61.348453521728516
1696535976.6748362,14:59:36,0.11491936445236206,0.025736013427376747,0.950417697429657,0.45374345779418945,0.36545243859291077,-0.10794879496097565,-18.305500030517578,-17.539478302001953,-60.95529556274414
1696535976.7870119,14:59:36,0.01309207919985056,-0.03256549686193466,0.9423757195472717,-0.1949954479932785,-0.13912226259708405,0.46290475130081177,-17.937421798706055,-18.335468292236328,-60.49478530883789
1696535976.8961,14:59:36,-0.0004936712794005871,0.01772385649383068,0.8656112551689148,0.1941257119178772,-0.060626070946455,0.14953090250492096,-18.088029861450195,-18.874055862426758,-59.45216369628906
1696535977.0050857,14:59:37,-0.016044316813349724,0.060698140412569046,0.9453001022338867,0.1131860688328743,0.008096265606582165,0.1070757657289505,-18.003854751586914,-19.149436950683594,-60.0059814453125
1696535977.116688,14:59:37,-0.02715192176401615,0.08570577949285507,0.9372580647468567,-0.059994231909513474,-0.03191540762782097,-0.08656851947307587,-17.909086227416992,-19.123565673828125,-59.82571029663086
1696535977.2257588,14:59:37,-0.02542407251894474,0.07987875491380692,1.0966358184814453,0.20154041051864624,-0.12460269778966904,-0.1715715527534485,-17.7143497467041,-19.035503387451172,-58.889244079589844
1696535977.3387828,14:59:37,0.0768553614616394,0.11556927114725113,1.029375433921814,0.08791946619749069,0.16036593914031982,-0.2726697325706482,-17.970172882080078,-18.64732551574707,-58.27217483520508
1696535977.483608,14:59:37,0.1697121411561966,0.09905937314033508,0.9755184650421143,0.05310014635324478,0.2214524745941162,0.016269512474536896,-18.0689754486084,-18.666650772094727,-57.7877311706543
1696535977.592497,14:59:37,-0.017031658440828323,0.08182109892368317,0.8621994853019714,0.13373436033725739,0.10386089980602264,0.20197254419326782,-18.551088333129883,-18.496644973754883,-57.41425323486328
1696535977.6973796,14:59:37,-0.01629115268588066,0.09638865292072296,0.8777960538864136,0.019197124987840652,0.17319411039352417,0.37759631872177124,-18.907928466796875,-18.57927894592285,-57.30977249145508
1696535977.810542,14:59:37,-0.11675325781106949,0.07089542597532272,0.8483087420463562,-0.09992159903049469,0.13745848834514618,0.5199279189109802,-19.259885787963867,-18.678647994995117,-57.39851760864258
1696535977.9154327,14:59:37,-0.1224304810166359,0.023065295070409775,0.8678044676780701,0.06073596328496933,0.019866932183504105,0.8363561034202576,-19.385601043701172,-18.813264846801758,-57.51820755004883
1696535978.0242984,14:59:38,-0.043196238577365875,-0.010131487622857094,0.9621151685714722,0.05126754939556122,0.48198649287223816,1.3717795610427856,-19.66646957397461,-19.100845336914062,-57.36639404296875
1696535978.1332219,14:59:38,0.1668027937412262,-0.13581018149852753,1.1553667783737183,0.618150532245636,-0.3686433434486389,1.6790447235107422,-20.358978271484375,-18.98607635498047,-57.64744186401367
1696535978.246337,14:59:38,0.4085213840007782,-0.06537222117185593,1.1224676370620728,0.5405706167221069,-0.36039668321609497,1.8650531768798828,-20.11899185180664,-18.32127571105957,-58.3549919128418
1696535978.3554015,14:59:38,0.19395673274993896,0.010440080426633358,0.9024094343185425,0.03599591925740242,0.062322065234184265,1.9539340734481812,-19.32338523864746,-17.601518630981445,-59.247589111328125
1696535978.5074346,14:59:38,0.2603869140148163,0.16801245510578156,0.7661828994750977,-0.49667859077453613,0.40135228633880615,1.5116676092147827,-17.936532974243164,-16.96529769897461,-59.97175979614258
1696535978.6162899,14:59:38,0.20874592661857605,0.09177558869123459,0.8095608949661255,0.020724289119243622,-0.1817185878753662,1.0174776315689087,-16.735166549682617,-16.944211959838867,-60.78608703613281
1696535978.7293334,14:59:38,0.22353513538837433,0.20006108283996582,0.9180060029029846,-0.347932904958725,-0.24524858593940735,0.7783238887786865,-15.313035011291504,-16.96453094482422,-61.05531311035156
1696535978.8309593,14:59:38,0.3270595371723175,0.004370266571640968,1.0625183582305908,-0.6576415300369263,0.05193735659122467,0.19647476077079773,-14.605592727661133,-17.493165969848633,-60.737884521484375
1696535978.9360244,14:59:38,0.35760772228240967,-0.0004824517818633467,1.015241026878357,-0.04250026494264603,-0.3903290629386902,0.18853351473808289,-13.889091491699219,-17.621612548828125,-60.771644592285156
1696535979.049041,14:59:39,0.30984586477279663,0.04685896635055542,1.0781148672103882,-0.2773779630661011,-0.4709632992744446,0.04925623536109924,-13.22380256652832,-17.48001480102539,-61.30387878417969
1696535979.1579823,14:59:39,0.28729841113090515,-0.013991101644933224,1.044728398323059,0.09860960394144058,-0.21562162041664124,-0.058561477810144424,-12.380505561828613,-17.3482666015625,-61.73763656616211
1696535979.2710257,14:59:39,0.2451128214597702,0.03811843320727348,0.9370144009590149,-0.009818973019719124,-0.15331335365772247,0.2334320992231369,-11.74754524230957,-17.289960861206055,-62.56513595581055
