timestamp,Accel_x,Accel_y,Accel_z,Gyro_x,Gyro_y,Gyro_z,Mag_x,Mag_y,Mag_z
1697076392.4119647,-0.004196206107735634,0.053657159209251404,0.9830730557441711,-3.2466836273670197e-05,-0.006469313986599445,0.005215153098106384,-29.380786895751953,6.167713642120361,-39.58051300048828
1697076392.4935322,-0.003208863316103816,0.05389995500445366,0.984535276889801,0.0013950187712907791,-0.004977157339453697,0.0066882409155368805,-44.699256896972656,9.076906204223633,-59.63422775268555
1697076392.5619779,-0.003949370235204697,0.05195761099457741,0.9835605025291443,-0.0010714046657085419,-0.004129718989133835,0.007242664694786072,-52.28181457519531,10.475679397583008,-71.43966674804688
1697076392.5985558,-0.003208863316103816,0.05317157506942749,0.9840478897094727,-0.00019224639981985092,-0.004210220649838448,0.005707457661628723,-56.190067291259766,11.328803062438965,-77.18477630615234
1697076392.6487095,-0.002715192036703229,0.05341436713933945,0.981610894203186,0.003120492212474346,-0.0042967405170202255,0.00658557191491127,-58.27914810180664,11.987741470336914,-79.38768768310547
1697076392.6936836,-0.0029620276764035225,0.05122923478484154,0.9840478897094727,1.7716549336910248e-05,-0.004353989847004414,0.004176914691925049,-59.444400787353516,12.608951568603516,-80.58588409423828
1697076392.735161,-0.0034556991886347532,0.05098643898963928,0.9830730557441711,0.0002972045913338661,-0.0035224752500653267,0.005991771817207336,-60.17170333862305,12.916089057922363,-81.06392669677734
1697076392.7841918,-0.0034556991886347532,0.05317157506942749,0.9847790002822876,0.001743590459227562,-0.0045343199744820595,0.003953397274017334,-60.63397216796875,12.9404878616333,-80.93563079833984
1697076392.8285942,-0.0029620276764035225,0.05244319513440132,0.9835605025291443,0.0020127110183238983,-0.004670213907957077,0.004628095775842667,-60.758094787597656,12.768291473388672,-81.5885009765625
1697076392.8737485,-0.002715192036703229,0.052200403064489365,0.9855100512504578,0.0007815388962626457,-0.0029721688479185104,0.0034725964069366455,-60.62223434448242,12.437067031860352,-82.97699737548828
1697076392.9140673,-0.0034556991886347532,0.05244319513440132,0.9852663278579712,0.001368456520140171,-0.0028199385851621628,0.0038358457386493683,-60.40601348876953,11.836357116699219,-82.81427764892578
1697076392.9585416,-0.003949370235204697,0.05317157506942749,0.9842915534973145,0.0037579303607344627,-0.003830944187939167,0.0053876712918281555,-60.30276870727539,12.1065673828125,-82.77640533447266
1697076393.0071924,-0.0029620276764035225,0.052928779274225235,0.984535276889801,0.0009490866214036942,-0.003085670992732048,0.005756407976150513,-60.063720703125,12.223262786865234,-83.18624114990234
1697076393.0567422,-0.003949370235204697,0.05317157506942749,0.9833167791366577,0.0009220512583851814,-0.0020519811660051346,0.0022328272461891174,-60.00514602661133,12.475939750671387,-82.22245788574219
1697076393.1185863,-0.0029620276764035225,0.05268598720431328,0.9855100512504578,-0.000895259901881218,-0.0028312131762504578,0.0035587772727012634,-59.77378463745117,12.443800926208496,-82.55927276611328
1697076393.1777205,-0.0017278495943173766,0.05389995500445366,0.9830730557441711,-0.0005705114454030991,-0.002420322969555855,0.0034074895083904266,-59.74010467529297,12.526724815368652,-83.4831771850586
1697076393.2362158,-0.002221520757302642,0.053657159209251404,0.9818546175956726,0.0014946814626455307,-0.001674494706094265,0.0032586567103862762,-59.437129974365234,12.352337837219238,-83.33882141113281
1697076393.2976775,-0.0019746851176023483,0.05122923478484154,0.9835605025291443,0.00021912716329097748,-0.0022072168067097664,0.004303090274333954,-59.507598876953125,12.195701599121094,-83.60334777832031
1697076393.3908858,-0.002715192036703229,0.05341436713933945,0.9794176816940308,0.0038067223504185677,-0.0020625442266464233,0.002623327076435089,-59.5235710144043,12.001153945922852,-83.59569549560547
1697076393.4687092,-0.0034556991886347532,0.052200403064489365,0.9786865711212158,-0.0005261395126581192,-0.0004587071016430855,0.0021879225969314575,-59.55319595336914,12.212753295898438,-83.89476776123047
1697076393.528977,-0.003949370235204697,0.05317157506942749,0.9828293919563293,0.001566881313920021,-0.0033890819177031517,0.0023699067533016205,-59.87997817993164,12.681429862976074,-82.34558868408203
1697076393.6025743,-0.003949370235204697,0.05317157506942749,0.9811235070228577,0.0015092184767127037,-0.00146383885294199,0.0007859058678150177,-59.865230560302734,12.474109649658203,-82.38422393798828
1697076393.6571863,-0.002715192036703229,0.052200403064489365,0.9825856685638428,-6.213877350091934e-05,-0.0013564443215727806,0.0009972825646400452,-60.069786071777344,12.426806449890137,-82.06964111328125
1697076393.707072,-0.0017278495943173766,0.05341436713933945,0.9833167791366577,-0.0021559372544288635,-0.0022201212123036385,0.0012033097445964813,-60.0346794128418,12.656399726867676,-81.40020751953125
1697076393.7656019,-0.0037025348283350468,0.05341436713933945,0.9820983409881592,0.0002683931961655617,-0.0027209166437387466,0.0005133636295795441,-60.25253677368164,12.626471519470215,-81.5315170288086
1697076393.8342812,-0.002221520757302642,0.052200403064489365,0.9818546175956726,0.0011507673189043999,-0.0014351243153214455,0.0019393637776374817,-60.10753631591797,12.796456336975098,-81.56863403320312
1697076393.898755,-0.0037025348283350468,0.052200403064489365,0.9847790002822876,0.001183629035949707,-0.0019796285778284073,0.0012376569211483002,-60.12339782714844,12.825820922851562,-80.74752807617188
1697076393.9561718,-0.003208863316103816,0.05341436713933945,0.9838041663169861,0.0008546765893697739,-0.0016358541324734688,0.0020623914897441864,-60.115325927734375,12.983841896057129,-80.71437072753906
1697076394.013775,-0.0029620276764035225,0.051472026854753494,0.9830730557441711,0.000797332264482975,0.0010974705219268799,0.0016849078238010406,-60.14303970336914,12.61023235321045,-81.75517272949219
1697076394.0674982,-0.003208863316103816,0.05268598720431328,0.9835605025291443,-0.000733429566025734,-0.0003885403275489807,0.0015962384641170502,-59.9080696105957,12.279180526733398,-82.29024505615234
1697076394.1188848,-0.002715192036703229,0.053657159209251404,0.9828293919563293,0.0010646069422364235,-0.0012297993525862694,0.0006108991801738739,-59.79730224609375,12.344355583190918,-82.81278991699219
1697076394.1663923,-0.003208863316103816,0.053657159209251404,0.9830730557441711,0.001026882790029049,-0.0006036432459950447,0.0020518265664577484,-59.96299743652344,12.5706205368042,-82.09648895263672
1697076394.2303236,-0.003208863316103816,0.05244319513440132,0.9820983409881592,0.0010313214734196663,5.203206092119217e-05,-0.00012684613466262817,-59.50765609741211,12.530800819396973,-82.90310668945312
1697076394.2912557,-0.002221520757302642,0.05195761099457741,0.9840478897094727,-0.001727125607430935,-0.0014070449396967888,0.001345861703157425,-59.65705490112305,12.609050750732422,-82.29936218261719
1697076394.3484597,-0.0024683563970029354,0.05268598720431328,0.9813672304153442,-0.0013665193691849709,-0.001382371410727501,0.0006938464939594269,-59.724151611328125,12.55769157409668,-81.9204330444336
1697076394.4250736,-0.0014810138382017612,0.05050085484981537,0.9811235070228577,0.0007535312324762344,-0.0001677321270108223,1.8894672393798828e-05,-59.636962890625,12.250497817993164,-81.99516296386719
1697076394.4867773,-0.002221520757302642,0.05341436713933945,0.982342004776001,0.00011044368147850037,-0.0022664740681648254,0.0014593973755836487,-59.83085632324219,12.740609169006348,-81.35326385498047
1697076394.5622725,-0.0024683563970029354,0.054385535418987274,0.982342004776001,-0.0005003390833735466,-0.0009925244376063347,0.001111980527639389,-60.015350341796875,12.829328536987305,-81.23295593261719
1697076394.6374326,-0.0034556991886347532,0.05244319513440132,0.9825856685638428,-0.0007457202300429344,-0.002134505659341812,0.0019325986504554749,-59.93680953979492,12.146636009216309,-82.40669250488281
1697076394.6927876,-0.004443041514605284,0.053657159209251404,0.9850226640701294,-0.0007141353562474251,-0.00023167859762907028,0.0006856359541416168,-60.27155685424805,13.02305793762207,-82.02562713623047
1697076394.7502437,-0.003949370235204697,0.05244319513440132,0.9835605025291443,0.0013231877237558365,-0.00019487272948026657,0.0009516887366771698,-59.82198715209961,12.458230972290039,-81.59295654296875
1697076394.8142543,-0.005183548666536808,0.04127473756670952,0.9842915534973145,0.00373004749417305,-0.0004303324967622757,0.0003089532256126404,-59.63212966918945,12.639145851135254,-82.30145263671875
1697076394.879551,-0.0034556991886347532,0.05268598720431328,0.9830730557441711,-0.0014388011768460274,-0.002492849715054035,0.0011793635785579681,-59.54222106933594,12.341265678405762,-82.96540069580078
1697076394.9485967,-0.005677219945937395,0.05244319513440132,0.9847790002822876,-0.001438298262655735,-1.186411827802658e-05,-8.047744631767273e-05,-59.95414733886719,12.63814926147461,-81.79469299316406
1697076395.017018,-0.0024683563970029354,0.057784635573625565,0.9833167791366577,-0.006501767318695784,-0.005106694996356964,-0.0009722523391246796,-59.85337829589844,12.945032119750977,-81.7125244140625
1697076395.0776834,0.029093509539961815,-0.016644585877656937,0.9764932990074158,-0.015053881332278252,0.023603972047567368,-0.053201232105493546,-57.042484283447266,11.766433715820312,-86.17105865478516
1697076395.151464,0.11710137128829956,-0.06633711606264114,0.987459659576416,0.11047893017530441,0.10240558534860611,-0.15521572530269623,-52.1255989074707,12.650957107543945,-88.95624542236328
1697076395.2252777,-0.08046842366456985,0.08473461121320724,1.0201150178909302,0.02984471619129181,0.000696524977684021,-0.3681022524833679,-43.253753662109375,19.75450325012207,-91.31790161132812
1697076395.2878225,0.014546754769980907,0.12528096139431,1.0907871723175049,0.08543345332145691,-0.4067505896091461,-0.20927730202674866,-32.99998474121094,30.156660079956055,-93.34674072265625
1697076395.3534417,0.003879134776070714,0.09250397235155106,1.0074427127838135,0.01243505533784628,-0.8936102390289307,-0.7062161564826965,-24.082717895507812,39.781524658203125,-92.23289489746094
1697076395.4269755,0.0877654179930687,0.07963596284389496,1.0103671550750732,-0.2972736358642578,0.48969414830207825,-0.7144628763198853,-17.20116424560547,48.05044937133789,-91.40718841552734
1697076395.4764209,-0.07651904970407486,-0.010855165310204029,1.15707266330719,-0.021467965096235275,0.08316333591938019,-0.34702742099761963,-14.620945930480957,51.84626770019531,-90.24462890625
1697076395.541066,0.03951868414878845,0.08254947513341904,1.0912744998931885,0.44767653942108154,-0.29312965273857117,-0.17812317609786987,-13.969635009765625,51.78635025024414,-89.83124542236328
1697076395.6005375,0.04291292652487755,0.12163908034563065,1.1429381370544434,0.32122743129730225,0.5324547290802002,0.4138052463531494,-15.131275177001953,51.439353942871094,-88.63716888427734
1697076395.6604297,-0.029373442754149437,0.13960573077201843,1.1334340572357178,0.5625192523002625,0.43838146328926086,0.1874796748161316,-15.908273696899414,50.76399612426758,-87.2608413696289
1697076395.700404,-0.007158233784139156,0.215842604637146,1.1690137386322021,0.3197002708911896,0.3867633640766144,0.13036377727985382,-16.592578887939453,50.08168029785156,-86.60044860839844
1697076395.7682076,0.020850349217653275,0.24254977703094482,1.0357115268707275,-0.03826675936579704,0.8103984594345093,-0.17842860519886017,-18.048755645751953,48.9674072265625,-84.41181182861328
1697076395.823385,-0.05158865079283714,0.1867074966430664,1.0542325973510742,-0.45090624690055847,1.0214524269104004,-0.1872861534357071,-19.749114990234375,47.655059814453125,-82.68128967285156
1697076395.8792892,-0.17130392789840698,0.15854354202747345,1.0549635887145996,-0.11493034660816193,0.7096056938171387,0.15937986969947815,-21.248071670532227,46.03825759887695,-81.6395492553711
1697076395.9523797,-0.21499384939670563,0.1291656494140625,1.0011066198349,0.207301065325737,0.5379525423049927,0.3047657907009125,-22.73093032836914,43.80315017700195,-82.68659210205078
1697076396.019013,-0.22412677109241486,0.11289854347705841,0.9760059118270874,-0.21419595181941986,0.6778405904769897,0.24093039333820343,-25.666353225708008,41.92979431152344,-82.13206481933594
1697076396.0759678,-0.31397494673728943,0.12892286479473114,0.9328715205192566,-0.3317875266075134,0.7083839178085327,0.5558314323425293,-26.979454040527344,39.89339065551758,-81.94760131835938
1697076396.1343172,-0.2638673186302185,0.10707152634859085,0.9255606532096863,-0.05659271776676178,0.3604961633682251,0.5283424854278564,-28.782634735107422,38.45585250854492,-80.717041015625
1697076396.1849737,-0.2233862578868866,0.0905616357922554,0.9645521640777588,-0.3067420423030853,0.031239787116646767,0.666703462600708,-30.4737548828125,37.45509719848633,-79.73516082763672
1697076396.2439322,-0.18784192204475403,0.0866769552230835,0.9136195182800293,0.40247249603271484,0.14669331908226013,0.6633437275886536,-30.96030044555664,36.42190933227539,-79.95905303955078
1697076396.2905989,-0.20462675392627716,0.1012445017695427,0.818821370601654,-0.23863056302070618,0.5465046167373657,0.4541223645210266,-31.643354415893555,35.73698043823242,-80.81736755371094
1697076396.356998,-0.29398125410079956,0.0036418887320905924,0.8190650939941406,-0.18090379238128662,0.1381411999464035,0.43732357025146484,-32.676788330078125,34.21969985961914,-81.0921401977539
1697076396.421106,-0.2626331150531769,0.05341436713933945,0.7340149283409119,-0.20075690746307373,-0.17431636154651642,1.2827609777450562,-34.25371170043945,33.319740295410156,-80.39063262939453
1697076396.4758148,-0.37568384408950806,0.0905616357922554,0.7842164635658264,0.07657590508460999,-0.396671324968338,1.3056684732437134,-34.03153610229492,32.755767822265625,-80.79454803466797
1697076396.5489616,-0.24436728656291962,0.13062241673469543,0.7715442180633545,-0.07430780678987503,-0.3927007019519806,1.2317537069320679,-34.09404754638672,32.184226989746094,-79.92659759521484
1697076396.6042082,-0.2739875614643097,0.1570867896080017,0.7849475145339966,-0.16838105022907257,-0.30504152178764343,1.1892986297607422,-34.333072662353516,31.428916931152344,-80.2155532836914
1697076396.6597087,-0.32335469126701355,0.1274660974740982,0.8578128814697266,-0.40203702449798584,-0.24731475114822388,1.149897813796997,-34.86736297607422,30.67426872253418,-79.51423645019531
1697076396.716307,-0.39691171050071716,0.1626710295677185,0.9216614961624146,-0.602095365524292,-0.22654534876346588,1.0066499710083008,-34.90290451049805,30.117006301879883,-78.37922668457031
1697076396.7830486,-0.33125343918800354,0.06628236919641495,0.9528546929359436,-1.025119662284851,0.3867633640766144,1.0491050481796265,-34.66533660888672,29.2318058013916,-78.7597427368164
1697076396.866281,-0.26485466957092285,-0.16548097133636475,1.040341854095459,-0.38004589080810547,0.0626993477344513,1.804439902305603,-35.48051071166992,27.478275299072266,-78.3950424194336
1697076396.9254804,-0.2270888090133667,0.057784635573625565,0.9411572217941284,-0.640579879283905,0.19464623928070068,1.7390773296356201,-36.287723541259766,25.80050277709961,-78.62889862060547
1697076396.9833777,-0.17599381506443024,0.03933239355683327,1.0054932832717896,-0.08744141459465027,-0.3927007019519806,1.662108302116394,-37.1957893371582,24.019031524658203,-79.10724639892578
1697076397.0465672,-0.12292414903640747,0.08570577949285507,0.9011909365653992,-0.3342309892177582,-0.019156593829393387,1.5078648328781128,-38.51054000854492,22.33211898803711,-78.70867156982422
1697076397.1016996,-0.2406647503376007,0.15757237374782562,0.9652832746505737,-0.30979636311531067,-0.13796988129615784,1.7421317100524902,-40.170406341552734,21.483867645263672,-78.06761932373047
1697076397.1703696,-0.21993055939674377,0.11192738264799118,1.0578880310058594,0.1819501668214798,-0.6269675493240356,1.4339501857757568,-41.158565521240234,20.605775833129883,-79.57347869873047
1697076397.21108,-0.10613933205604553,0.17019759118556976,0.9877033233642578,-0.3076583445072174,0.12714563310146332,1.4647988080978394,-42.028839111328125,20.180173873901367,-78.96492004394531
1697076397.2596593,-0.14489252865314484,0.22094124555587769,0.9911150336265564,-0.565138041973114,0.39287200570106506,1.4058502912521362,-42.74025344848633,18.80259132385254,-79.61796569824219
1697076397.3083816,-0.16463936865329742,0.13572104275226593,0.9657706022262573,-0.21480681002140045,0.13447600603103638,1.1902148723602295,-43.35679244995117,17.88024139404297,-80.38394165039062
1697076397.3579125,-0.1241583302617073,0.232595294713974,0.9613840579986572,-0.7007501125335693,0.19647884368896484,1.1221034526824951,-43.789833068847656,17.742271423339844,-80.8727798461914
1697076397.4031682,-0.22955715656280518,0.13936294615268707,0.880476713180542,-0.03185267373919487,-0.1343046873807907,1.0127586126327515,-44.44938659667969,17.084211349487305,-81.8382568359375
1697076397.449325,-0.22758246958255768,0.12795168161392212,0.9141069054603577,-0.16929735243320465,-0.26441898941993713,1.0219215154647827,-45.55303192138672,16.72455596923828,-81.81304168701172
1697076397.4950962,-0.1942596584558487,0.1269805133342743,0.9433504939079285,-0.26581406593322754,-0.16698598861694336,0.8957779407501221,-46.444915771484375,15.749938011169434,-81.52993774414062
1697076397.558446,-0.225114107131958,0.09517469257116318,0.9601655602455139,-0.2166394144296646,-0.21371717751026154,0.6948032379150391,-47.356380462646484,15.602195739746094,-80.36995697021484
1697076397.615332,-0.19253180921077728,0.12892286479473114,0.9660142660140991,-0.20045147836208344,-0.18195217847824097,0.38753804564476013,-47.73622131347656,15.372262001037598,-79.28052520751953
1697076397.685038,-0.12909504771232605,0.11823998391628265,0.9959890246391296,-0.21480681002140045,-0.028930440545082092,0.4095292091369629,-48.1506233215332,15.351214408874512,-79.56893157958984
1697076397.758759,-0.19179129600524902,0.10367242991924286,1.031325101852417,-0.24137945473194122,-0.02098919078707695,0.3343927562236786,-48.188724517822266,15.234697341918945,-80.52120208740234
1697076397.8365667,-0.01826583780348301,0.026707183569669724,1.0320560932159424,-0.12867482006549835,0.04834401607513428,0.11570300161838531,-47.39918518066406,14.816264152526855,-81.19171905517578
1697076397.9112918,-0.162911519408226,-0.040525950491428375,0.902653157711029,-0.24076858162879944,0.2138884961605072,0.29651913046836853,-47.47702407836914,14.457645416259766,-82.21715545654297
1697076397.9839742,-0.03258230537176132,-0.10179732739925385,0.969669759273529,0.036564234644174576,-0.46630996465682983,0.4244953989982605,-48.53926086425781,14.236307144165039,-81.20772552490234
1697076398.050873,-0.07528486847877502,0.007769362535327673,0.8712162375450134,0.03748052939772606,0.32292795181274414,0.38112396001815796,-48.99026107788086,13.62180233001709,-80.95568084716797
1697076398.1164546,-0.2078356146812439,-0.03811369463801384,0.8836447596549988,-0.021467965096235275,-0.18683910369873047,0.13433440029621124,-49.28122329711914,12.364678382873535,-81.8420639038086
1697076398.1854424,-0.11922161281108856,-0.015920909121632576,0.9482244849205017,0.005319179035723209,-0.007122962735593319,0.16300749778747559,-49.89926528930664,12.80124282836914,-81.4853515625
1697076398.2654855,-0.12391149997711182,-0.02195155806839466,1.0574005842208862,0.18105117976665497,0.15066415071487427,-0.030014075338840485,-49.563194274902344,12.258143424987793,-82.18336486816406
1697076398.332751,-0.19376599788665771,0.04467383399605751,0.9891654849052429,0.15692199766635895,0.0681973397731781,0.036264803260564804,-49.83328628540039,12.373163223266602,-81.91268920898438
1697076398.4093087,0.12388986349105835,-0.005306969862431288,1.0050058364868164,0.2048749178647995,-0.1999725103378296,-0.05200522392988205,-49.8762321472168,12.555323600769043,-81.77324676513672
1697076398.466016,-0.17155078053474426,0.13183635473251343,0.9665017127990723,-0.19310379028320312,0.21205610036849976,0.00816500186920166,-49.863887786865234,12.128621101379395,-81.66867065429688
1697076398.533542,-0.0074050696566700935,0.10440080612897873,0.9384765625,0.09033768624067307,-0.13674795627593994,-0.16318270564079285,-49.82159423828125,12.305318832397461,-81.9300537109375
1697076398.5963051,-0.07997474819421768,0.052200403064489365,0.8200399279594421,-0.09933597594499588,0.3525550961494446,0.3190954029560089,-50.14031982421875,11.425045013427734,-82.2575912475586
1697076398.693444,-0.16439254581928253,0.08133551478385925,0.7800736427307129,-0.04179282486438751,-0.004876930266618729,0.15068021416664124,-50.52147674560547,11.384477615356445,-80.3567123413086
1697076398.783149,-0.21425333619117737,0.08133551478385925,0.8643926978111267,-0.045994482934474945,-0.027996405959129333,0.0647713914513588,-50.32833480834961,11.077471733093262,-81.13468933105469
1697076398.863484,-0.14291784167289734,0.0553567074239254,1.0422914028167725,-0.04087097570300102,-0.30913475155830383,0.20113518834114075,-50.072628021240234,10.999397277832031,-81.1760025024414
1697076398.9349277,-0.15575329959392548,0.08400622755289078,1.1071147918701172,-0.12669754028320312,-0.271871954202652,-0.14156022667884827,-49.57884979248047,11.214662551879883,-81.462158203125
1697076399.0053318,0.15128624439239502,0.07890758663415909,1.0605686902999878,0.18301114439964294,-0.482009619474411,-0.22219443321228027,-48.80626678466797,10.917431831359863,-81.46288299560547
1697076399.064707,-0.018512673676013947,-0.07839842140674591,0.9655268788337708,0.08496727049350739,0.18749868869781494,0.2295404076576233,-47.59140396118164,9.683165550231934,-82.43699645996094
1697076399.1303675,-0.00024683563970029354,-0.029912011697888374,0.8843758702278137,0.09046505391597748,-0.03974318504333496,0.20113518834114075,-47.252586364746094,8.721353530883789,-83.5428466796875
1697076399.1936245,-0.04517092555761337,0.03277700021862984,0.7493678331375122,0.07274996489286423,0.3264705538749695,0.4112728238105774,-47.413326263427734,7.906425476074219,-83.3061294555664
1697076399.2553964,-0.14020265638828278,0.01990899071097374,0.7878718972206116,-0.06591644883155823,-0.11549048125743866,0.2041895091533661,-47.39689254760742,7.381165981292725,-82.547607421875
1697076399.3239405,-0.10589249432086945,0.05632787570357323,0.8863254189491272,-0.07813375443220139,-0.2049822360277176,-0.01755458116531372,-47.13426208496094,6.976569175720215,-82.12675476074219
1697076399.3841915,-0.0970064103603363,0.025007635354995728,0.9857537150382996,-0.13748104870319366,0.010897653177380562,-0.09639996290206909,-46.2110710144043,6.589521408081055,-83.19588470458984
1697076399.4475768,-0.09577222913503647,0.07040984183549881,1.0259637832641602,0.029172848910093307,0.18983148038387299,-0.1801263988018036,-45.25360870361328,6.347251892089844,-81.83504486083984
1697076399.510897,-0.03677850961685181,0.012139628641307354,1.1999632120132446,0.21518130600452423,-1.0425891876220703,-0.27206161618232727,-44.16151809692383,6.799685001373291,-82.08642578125
1697076399.577207,0.12922367453575134,0.14349040389060974,0.9411572217941284,-0.14034226536750793,0.8413192629814148,-0.40920084714889526,-43.31159591674805,6.915997505187988,-81.71632385253906
1697076399.660177,-0.05652536079287529,0.15611563622951508,0.8985102772712708,0.1757805049419403,-0.46990299224853516,-0.20730990171432495,-42.37694549560547,6.662819862365723,-82.23954010009766
1697076399.7214618,0.01575898379087448,0.07138101756572723,0.8383171558380127,-0.10555123537778854,0.12658117711544037,-0.06989220529794693,-41.87736892700195,6.411655902862549,-81.14832305908203
1697076399.7787752,-0.09996844083070755,0.07842200249433517,0.7985945343971252,0.030756818130612373,0.09652592986822128,0.036987803876399994,-41.25139617919922,6.088752269744873,-81.15799713134766
1697076399.845162,-0.1320570707321167,0.10100170969963074,0.874384343624115,-0.21237626671791077,-0.11335520446300507,-0.053674861788749695,-39.9146842956543,6.613620758056641,-81.32927703857422
1697076399.9129698,-0.0777532234787941,0.061426520347595215,0.968207597732544,0.20598597824573517,0.015091429464519024,0.0923667624592781,-37.913448333740234,8.013427734375,-79.71774291992188
1697076399.9794314,-0.08491146564483643,0.1034296378493309,0.9760059118270874,-0.185273215174675,0.09877996891736984,0.04044321924448013,-36.49118423461914,8.796631813049316,-78.64973449707031
1697076400.053557,-0.05701903626322746,0.07283777743577957,1.0320560932159424,-0.09263169020414352,-0.3447462320327759,0.1412903368473053,-35.83884811401367,9.128427505493164,-78.47239685058594
1697076400.1154807,0.1551653891801834,0.02986348792910576,1.0520392656326294,0.017934925854206085,0.06789323687553406,-0.08381351083517075,-36.58503341674805,7.483891010284424,-76.96056365966797
1697076400.1803625,0.03539710119366646,-0.06271872669458389,0.8968044519424438,0.46569913625717163,0.4909174144268036,0.22070281207561493,-37.83181381225586,4.666088104248047,-76.7854995727539
1697076400.234992,0.05842946469783783,0.057784635573625565,0.8137037754058838,0.07535625249147415,-0.26533374190330505,0.15778368711471558,-40.785003662109375,2.219576120376587,-75.52765655517578
1697076400.2928112,0.028608618304133415,0.06968147307634354,0.8078550696372986,0.09536225348711014,-0.12337835878133774,-0.2318512499332428,-43.45980453491211,-1.2427477836608887,-74.76954650878906
1697076400.3565245,-0.06072157248854637,0.08716253191232681,0.8519642353057861,-0.31452834606170654,-0.43522506952285767,-0.2575075924396515,-45.41788101196289,-3.8118796348571777,-73.80411529541016
1697076400.4251041,0.07103665918111801,-0.016403360292315483,0.8583002686500549,-0.3181935250759125,-0.14353689551353455,0.003942716866731644,-45.46016311645508,-5.568751811981201,-74.42265319824219
1697076400.478911,0.046792060136795044,-0.07670983672142029,1.000862956047058,0.25285911560058594,0.48354679346084595,-0.17432937026023865,-45.24653244018555,-6.878578186035156,-74.3750991821289
1697076400.546575,-0.00024683563970029354,0.04758734628558159,0.9872159361839294,0.2443070113658905,0.15520672500133514,0.11338816583156586,-44.97276306152344,-7.242226600646973,-73.5863037109375
1697076400.609665,0.021577686071395874,0.018695026636123657,0.9428631067276001,0.3854168653488159,0.33724457025527954,-0.07811809331178665,-44.95283508300781,-7.310708045959473,-74.29676818847656
1697076400.6677244,-0.03727218508720398,0.1896210014820099,1.0147536993026733,0.3551790416240692,-0.2158939093351364,-0.11538086831569672,-45.64463424682617,-6.435267925262451,-72.34222412109375
1697076400.7246826,0.0775826945900917,0.13377870619297028,0.9455438256263733,-0.24163629114627838,-0.5573675632476807,-0.07139857113361359,-45.476261138916016,-5.913254737854004,-71.48625183105469
1697076400.788904,0.12485965341329575,0.082792267203331,0.958459734916687,0.22048325836658478,-0.19878968596458435,-0.29192090034484863,-44.712154388427734,-6.023862838745117,-72.0843505859375
1697076400.8587506,0.015516539104282856,0.14834627509117126,0.904358983039856,0.10716775804758072,0.4389536380767822,-0.07872895896434784,-44.018455505371094,-6.097457408905029,-72.26324462890625
1697076400.9332933,0.054307885468006134,0.11654043942689896,0.8841321468353271,-0.3912982940673828,-0.37685689330101013,-0.1923498958349228,-44.306705474853516,-4.8746209144592285,-68.91609191894531
1697076401.0125258,0.013334525749087334,0.03763284906744957,0.8158970475196838,0.04119431599974632,0.09412019699811935,-0.06193016469478607,-44.18833541870117,-4.324924468994141,-68.01422119140625
1697076401.0807996,-0.07405069470405579,0.07793641835451126,0.9282413125038147,-0.038851477205753326,0.02280474454164505,0.2648763954639435,-44.31789779663086,-4.117305278778076,-67.13636016845703
1697076401.1384962,-0.029373442754149437,0.11848277598619461,0.9448127150535583,-0.008238223381340504,0.17015023529529572,0.0886751040816307,-44.650047302246094,-3.8372631072998047,-65.93681335449219
1697076401.2194657,-0.005677219945937395,0.027435559779405594,0.9394513964653015,0.09262626618146896,-0.047436267137527466,0.2330121546983719,-44.49925994873047,-3.6658012866973877,-64.18389892578125
1697076401.298417,0.007515823468565941,0.07308056950569153,0.9357959032058716,0.26000332832336426,-0.11768576502799988,-0.0657009482383728,-44.80949020385742,-3.4157216548919678,-64.2972640991211
1697076401.3862858,0.13698194921016693,0.05025806277990341,0.9474933743476868,0.3372777998447418,-0.16075177490711212,0.1004544049501419,-44.70454025268555,-2.103769302368164,-64.64665985107422
1697076401.469659,0.1631661057472229,0.1124129593372345,0.9569975137710571,0.28138360381126404,0.19996415078639984,0.03875701129436493,-44.70471954345703,-1.0542359352111816,-63.421783447265625
1697076401.5329065,0.1803797483444214,0.08522019535303116,0.9021657705307007,0.0016496647149324417,-0.012721304781734943,0.06574380397796631,-44.35025405883789,-0.4702235460281372,-62.780006408691406
1697076401.5961,0.12752655148506165,0.05244319513440132,0.882669985294342,-0.09929578751325607,-0.11286474764347076,0.07098175585269928,-44.482879638671875,-0.4230421781539917,-62.78312301635742
1697076401.7076118,0.19977544248104095,0.11119899898767471,0.9521235823631287,0.033872831612825394,0.19012440741062164,0.1357334703207016,-44.074806213378906,-0.5046850442886353,-62.880401611328125
1697076401.7924738,0.1561351716518402,0.11047062277793884,0.9019220471382141,-0.04745130240917206,-0.02755909226834774,0.032484933733940125,-44.884613037109375,-0.4430482089519501,-61.934974670410156
1697076401.8636434,0.14740711450576782,0.10658594220876694,0.895342230796814,0.11788631230592728,0.10811546444892883,-0.003338078036904335,-45.01023483276367,-0.8231781721115112,-62.195491790771484
1697076401.9426153,0.12801145017147064,0.17116877436637878,0.8897371888160706,0.12979818880558014,0.21287885308265686,-0.20889423787593842,-45.2827033996582,-0.8456740379333496,-62.55925369262695
1697076402.0108557,0.078794926404953,0.11726880818605423,0.8519642353057861,0.11456269025802612,0.024839181452989578,0.06603128463029861,-45.39145278930664,-0.8984614610671997,-63.31655502319336
1697076402.0814376,0.12607187032699585,0.16704128682613373,0.9131320714950562,-0.09122467786073685,-0.1130773276090622,0.03379791975021362,-45.64547348022461,-0.9130344390869141,-62.65426254272461
1697076402.1546316,0.14619489014148712,0.17068317532539368,0.9318967461585999,0.005384379532188177,0.0777837261557579,-0.0202338770031929,-45.75653076171875,-1.3404158353805542,-63.49940872192383
1697076402.2352576,0.055035222321748734,0.2291961908340454,0.9155690670013428,-0.030451996251940727,-0.23271891474723816,-0.014837491326034069,-45.50748825073242,-1.5152357816696167,-62.76845169067383
1697076402.3122826,-0.024189893156290054,0.156601220369339,0.8860816955566406,0.09294278174638748,-0.20981146395206451,-0.09150107949972153,-45.25931167602539,-1.4785215854644775,-63.024105072021484
1697076402.3851202,-0.023943057283759117,0.22773943841457367,0.9248295426368713,0.40356776118278503,-0.3222106695175171,-0.10585641115903854,-44.69800567626953,-1.340240716934204,-64.52986907958984
1697076402.456755,-0.0014810138382017612,0.2772691249847412,0.9740563035011292,0.177853062748909,-0.33412253856658936,0.11038988828659058,-44.3929328918457,-1.1416957378387451,-64.71125030517578
1697076402.5332332,0.0016971214208751917,0.2823677659034729,0.9745436906814575,0.06759187579154968,-0.11146215349435806,0.20690660178661346,-43.434165954589844,-0.794963538646698,-65.30352020263672
1697076402.6154494,-0.028632935136556625,0.26755741238594055,0.9102077484130859,-0.11252250522375107,0.13845837116241455,0.04036664962768555,-43.53105545043945,-0.9455797672271729,-65.34912872314453
1697076402.6868167,-0.01629115268588066,0.2136574685573578,0.8746280074119568,-0.12318747490644455,0.265778511762619,0.042303647845983505,-44.233009338378906,-1.0510363578796387,-64.59481811523438
1697076402.7473412,-0.004196206107735634,0.17456784844398499,0.9301908612251282,-0.20840318500995636,-0.005751089658588171,-0.15317323803901672,-44.020362854003906,-2.380622148513794,-66.74583435058594
1697076402.803953,0.02472948282957077,0.15927192568778992,0.889493465423584,-0.20259997248649597,0.1854497343301773,0.08200988173484802,-43.89496994018555,-3.6172854900360107,-69.21497344970703
1697076402.8626986,-0.0019746851176023483,0.1570867896080017,0.9496866464614868,0.015459148213267326,-0.20907193422317505,-0.10262379050254822,-43.881019592285156,-4.254369258880615,-71.08671569824219
1697076402.9322238,-0.03258230537176132,0.16072867810726166,0.9294597506523132,-0.08359913527965546,-0.15991263091564178,-0.04113946855068207,-44.175052642822266,-4.43088960647583,-72.011962890625
1697076403.0024033,0.009940282441675663,0.057056255638599396,0.9453001022338867,0.1158483624458313,-0.5233774781227112,-0.11688676476478577,-44.546661376953125,-4.77493953704834,-72.2996597290039
1697076403.059077,0.11734382063150406,0.04491662606596947,1.0327872037887573,0.34980976581573486,0.059387996792793274,-0.11261069774627686,-43.85879898071289,-4.838608741760254,-73.28369140625
1697076403.1273913,0.07127910107374191,0.05122923478484154,0.9881907105445862,0.04468256235122681,0.28846246004104614,0.1121877133846283,-44.2314453125,-4.765216827392578,-73.17253112792969
1697076403.1949058,0.07418844848871231,0.06361165642738342,0.9014346599578857,-0.24059151113033295,0.10428659617900848,-0.08725979924201965,-44.62460708618164,-5.125214099884033,-73.56761932373047
1697076403.2524912,0.07394600659608841,0.07890758663415909,0.9287286400794983,-0.1220836490392685,0.22645963728427887,-0.19416122138500214,-45.22245788574219,-5.467136383056641,-74.36943054199219
1697076403.3204188,0.036851778626441956,0.1648561656475067,0.9557790756225586,-0.12971946597099304,0.32725241780281067,-0.0796239823102951,-45.905277252197266,-6.122560977935791,-75.12427520751953
1697076403.3897543,0.026669051498174667,0.12770889699459076,0.9448127150535583,-0.12299995124340057,0.09206929057836533,-0.4803515672683716,-46.98564147949219,-6.317164897918701,-74.73751831054688
1697076403.4581027,-0.0950317233800888,0.09881658107042313,0.9258043169975281,-0.4403444528579712,-0.472675621509552,-0.12421713769435883,-47.76624298095703,-6.945334434509277,-75.02222442626953
1697076403.5115464,-0.00814557634294033,0.11192738264799118,0.9289723634719849,0.1873195916414261,-0.2252752184867859,-0.37558817863464355,-47.981449127197266,-8.175346374511719,-77.05509185791016
1697076403.5686169,-0.06615195423364639,0.16242823004722595,0.9472496509552002,0.14700248837471008,-0.28880518674850464,0.17510682344436646,-48.44145202636719,-8.44282054901123,-77.85385131835938
1697076403.6223178,-0.10070894658565521,0.1308652013540268,0.9119135737419128,0.1357014775276184,-0.02185707911849022,0.36722394824028015,-48.933143615722656,-8.398314476013184,-78.58485412597656
1697076403.6828954,-0.10268362611532211,0.1274660974740982,0.8824263215065002,0.0853051021695137,0.1333026885986328,0.3791358470916748,-49.2235221862793,-8.547134399414062,-80.20435333251953
1697076403.7429817,-0.032335471361875534,0.12819448113441467,0.8734095096588135,0.09080289304256439,0.20110872387886047,0.05323921516537666,-50.09235382080078,-8.437870025634766,-79.82901763916016
1697076403.8170907,-0.007651905063539743,0.14567555487155914,0.8919304609298706,-0.2021069973707199,0.2151586264371872,0.30552658438682556,-51.062347412109375,-8.301819801330566,-80.2534408569336
1697076403.8675275,0.045822277665138245,0.1532021164894104,0.8975354433059692,-0.17400719225406647,0.1589590311050415,0.11463117599487305,-51.99031066894531,-8.586353302001953,-80.68401336669922
1697076403.9366968,0.00048489184700883925,0.11144179105758667,0.9323841333389282,-0.24608927965164185,0.0633586198091507,0.7896372675895691,-52.933677673339844,-9.026169776916504,-80.9045639038086
1697076404.0062876,-0.011107604019343853,0.17456784844398499,0.9879470467567444,0.4988608658313751,0.2539485991001129,0.41700947284698486,-54.20184326171875,-8.608275413513184,-80.6723403930664
1697076404.0656424,-0.018019001930952072,0.16534174978733063,0.9350647926330566,-0.1016196608543396,-0.2607053816318512,-0.1355181485414505,-54.63265609741211,-9.250738143920898,-82.0592041015625
1697076404.1404586,-0.0014810138382017612,0.0939607247710228,0.9331152439117432,0.0550672709941864,-0.4589311480522156,-0.023729808628559113,-55.10588455200195,-8.850234031677246,-81.30003356933594
1697076404.2016482,0.027881281450390816,0.09444631636142731,0.9245858788490295,0.16074801981449127,0.03346503898501396,0.026518695056438446,-55.65250778198242,-8.73083782196045,-81.66120910644531
1697076404.2616696,-0.01505697425454855,0.11872556805610657,0.9070396423339844,0.2203073799610138,-0.008990095928311348,0.0943247377872467,-55.993125915527344,-9.31851577758789,-82.55843353271484
1697076404.373678,0.00024244592350441962,0.14397600293159485,0.9323841333389282,0.16416272521018982,-0.0042883120477199554,-0.2654816806316376,-55.8331298828125,-9.47719669342041,-83.98689270019531
1697076404.44225,-0.0017278495943173766,0.15077418088912964,0.8741406202316284,-0.09423327445983887,0.1643105000257492,-0.1979810744524002,-56.951053619384766,-8.87067699432373,-83.83247375488281
1697076404.50324,-0.1362532675266266,0.043459873646497726,0.927266538143158,0.4066762328147888,-0.39829641580581665,-0.15186074376106262,-57.63663101196289,-8.764118194580078,-84.02919006347656
1697076404.5527086,-0.010860768146812916,0.23235249519348145,1.0749467611312866,0.5013603568077087,-0.49420225620269775,-0.2795315682888031,-57.78122329711914,-8.396527290344238,-84.0551986694336
1697076404.6123128,0.04121580347418785,0.2779974937438965,1.0644677877426147,-0.38836488127708435,-0.1533394306898117,0.043005265295505524,-58.04998016357422,-8.484842300415039,-84.70177459716797
1697076404.6727383,-0.04640510305762291,0.19034938514232635,0.9292160868644714,-0.12386023998260498,0.3460429012775421,0.1358567774295807,-57.65446090698242,-8.534789085388184,-85.3481216430664
1697076404.7266753,-0.0659051164984703,0.14616113901138306,0.8792582154273987,0.11407177150249481,0.17530608177185059,-0.02510620839893818,-58.09915542602539,-8.190357208251953,-84.9351806640625
1697076404.8003109,0.00654603959992528,0.21292908489704132,0.9667453765869141,0.19745488464832306,0.10444570332765579,-0.23096778988838196,-58.81362533569336,-7.8447957038879395,-84.1667251586914
1697076404.8606298,0.021335240453481674,0.19253450632095337,0.9455438256263733,-0.05116727203130722,0.2550239861011505,-0.2135581374168396,-59.692081451416016,-7.645820140838623,-84.04656982421875
1697076404.9178686,0.04145825281739235,0.1604858934879303,0.9211741089820862,-0.04933467507362366,0.17194631695747375,-0.3852112591266632,-60.26552963256836,-7.487855434417725,-83.46857452392578
1697076404.9796112,0.04751940071582794,0.15587283670902252,0.9114262461662292,0.09513495117425919,0.33443644642829895,-0.22180481255054474,-60.91809844970703,-7.462381839752197,-84.55206298828125
1697076405.0461617,-0.03258230537176132,0.12503817677497864,0.8773086667060852,-0.10556238889694214,0.003591542597860098,-0.04240191727876663,-61.63599395751953,-7.261653900146484,-84.80889892578125
1697076405.1035144,-0.01999368704855442,0.11993953585624695,0.891686737537384,-0.053110331296920776,0.008359747007489204,-0.2491757869720459,-61.35484313964844,-7.5600199699401855,-85.6831283569336
1697076405.1767504,-0.017772166058421135,0.15684400498867035,0.9472496509552002,-0.08945681154727936,-0.21949300169944763,-0.29102006554603577,-61.950679779052734,-7.431865692138672,-85.44672393798828
1697076405.2342398,-0.11502540856599808,0.16582731902599335,0.9085018634796143,-0.11725118011236191,-0.3218128979206085,-0.14441239833831787,-62.14696502685547,-7.731588840484619,-85.78118896484375
1697076405.2853458,-0.1574811488389969,0.057056255638599396,0.8534263372421265,-0.14565640687942505,-0.6929135322570801,-0.2888820171356201,-62.39109420776367,-7.619709014892578,-86.15701293945312
1697076405.3383942,0.0053338101133704185,0.03423375263810158,0.7327964305877686,-0.28737714886665344,0.11648289859294891,0.044955819845199585,-62.40559005737305,-7.274939060211182,-85.5881576538086
1697076405.4105449,-0.004936712794005871,0.006798191927373409,0.7949391603469849,0.21292148530483246,-0.13641531765460968,-0.2091641128063202,-62.42586898803711,-7.4909186363220215,-86.08930969238281
1697076405.4765236,0.04000357538461685,0.14713230729103088,0.972594141960144,-0.06513059139251709,0.022633614018559456,0.12558136880397797,-62.85416793823242,-7.036640167236328,-84.82046508789062
1697076405.5261297,0.03854890167713165,0.15975750982761383,1.0213334560394287,-0.01617780514061451,-0.10619838535785675,-0.26954734325408936,-63.1512336730957,-6.699606895446777,-84.12146759033203
1697076405.587391,0.0766129121184349,0.17262552678585052,1.1037030220031738,-0.18905267119407654,-0.44125795364379883,-0.34071314334869385,-63.21835708618164,-7.084074974060059,-85.09308624267578
1697076405.6481395,0.06715752184391022,0.060698140412569046,1.0542325973510742,-0.11819230020046234,-0.38963985443115234,-0.37125641107559204,-63.243858337402344,-7.585694313049316,-85.70233154296875
1697076405.7097545,0.06909708678722382,0.06531120836734772,0.999400794506073,-0.11330538243055344,0.11982175707817078,-0.3886660635471344,-63.561893463134766,-7.024215221405029,-84.24454498291016
1697076405.7756686,0.022305024787783623,0.09104721993207932,0.9650395512580872,0.24557794630527496,0.3198801279067993,-0.19929783046245575,-63.66514587402344,-6.927701950073242,-84.27055358886719
1697076405.8407185,0.008970499038696289,0.07866478711366653,0.9279976487159729,-0.3118365705013275,0.15158674120903015,-0.45280691981315613,-63.51622772216797,-7.231014251708984,-84.22907257080078
1697076405.8949273,0.01600143127143383,0.014324761927127838,0.9896529316902161,-0.19241243600845337,-0.189581498503685,-0.7637373208999634,-63.910858154296875,-7.455367088317871,-83.07403564453125
1697076405.9633179,0.009212944656610489,0.01845223642885685,1.0028126239776611,-0.17347560822963715,-0.11047443747520447,-0.06735093891620636,-64.55961608886719,-7.293135643005371,-82.44557189941406
1697076406.0334592,0.06764241307973862,0.06943868100643158,1.0798207521438599,0.20071256160736084,-0.07883676141500473,-0.1994338035583496,-64.10353088378906,-7.3587470054626465,-82.21367645263672
1697076406.1030955,0.05527766793966293,0.07866478711366653,0.9713756442070007,-0.20613212883472443,-0.15432167053222656,0.028316032141447067,-63.94268798828125,-7.30199670791626,-82.31871795654297
1697076406.1651561,-0.06763296574354172,0.01626710407435894,0.7817794680595398,-0.015542170032858849,0.3777419626712799,0.28213053941726685,-63.84906768798828,-7.501359462738037,-81.68000030517578
1697076406.2403924,-0.12218364328145981,0.0738089457154274,0.8268634080886841,0.05226387083530426,0.19203892350196838,-0.08225058019161224,-64.15524291992188,-7.4411845207214355,-81.06019592285156
1697076406.294463,-0.085405133664608,-0.020986653864383698,0.8943674564361572,-0.04486370086669922,-0.328723669052124,0.17461825907230377,-64.29920959472656,-7.629432201385498,-81.46903228759766
1697076406.3547769,0.0875229761004448,0.053657159209251404,1.0320560932159424,0.4398578703403473,0.04390410706400871,0.14499129354953766,-63.96677017211914,-7.091087818145752,-80.9504165649414
1697076406.416336,-0.0014810138382017612,0.049286894500255585,1.0103671550750732,-0.294402152299881,-0.33299973607063293,0.19233335554599762,-64.13597869873047,-7.0737080574035645,-80.7919921875
1697076406.4762192,-0.009873425588011742,0.13742059469223022,0.8458718061447144,-0.41657519340515137,0.30321642756462097,0.32733455300331116,-64.10340881347656,-6.901250839233398,-80.80158233642578
1697076406.5488532,-0.19746851921081543,-0.13798122107982635,0.9153253436088562,0.3146304786205292,-0.3998894691467285,0.002965124323964119,-63.99044418334961,-7.11492919921875,-80.70396423339844
1697076406.617312,-0.10836084932088852,-0.03160059452056885,1.0683670043945312,0.023858636617660522,-0.4902975261211395,-0.1097395122051239,-63.86518096923828,-7.618918418884277,-81.9471206665039
1697076406.68558,-0.12292414903640747,-0.0009649035637266934,0.9387202858924866,0.399235337972641,0.1508055180311203,-0.22702564299106598,-63.28893280029297,-7.647127151489258,-80.38502502441406
1697076406.7417707,-0.06368359178304672,-0.07116164267063141,0.9628462195396423,-0.12977397441864014,0.40584176778793335,0.18255950510501862,-63.51659393310547,-6.808567523956299,-79.68571472167969
1697076406.7977474,-0.07429753243923187,-0.11024023592472076,0.9611403942108154,0.5889089703559875,-0.042227890342473984,-0.3971516191959381,-63.36540222167969,-6.847376346588135,-80.80572509765625
1697076406.852162,0.0858258530497551,-0.005306969862431288,0.9638210535049438,0.0452389195561409,0.13675561547279358,-0.35561278462409973,-62.99445724487305,-6.997636795043945,-80.61857604980469
1697076406.919708,0.07346111536026001,-0.0424557588994503,0.8548884987831116,0.37632787227630615,0.4333307147026062,-0.024523813277482986,-63.06210708618164,-6.831233024597168,-79.93669891357422
1697076406.9847445,-0.03751901909708977,0.07720804214477539,0.8658549189567566,0.43588724732398987,0.2714514136314392,0.0060194507241249084,-63.083499908447266,-6.263419151306152,-79.71903991699219
1697076407.0449994,-0.03727218508720398,0.11508367955684662,0.9231236577033997,-0.007295489311218262,-0.212964728474617,-0.06025942787528038,-63.479244232177734,-5.611732006072998,-79.71734619140625
1697076407.111411,-0.04887346178293228,0.06312606483697891,0.9323841333389282,0.24529728293418884,-0.14912931621074677,0.07596351951360703,-63.625667572021484,-5.686850547790527,-80.30846405029297
1697076407.1765883,-0.08318360894918442,0.18306559324264526,0.9889218211174011,-0.10442306101322174,-0.36873534321784973,0.21432450413703918,-63.430572509765625,-5.222692966461182,-79.96790313720703
1697076407.2437816,-0.16612039506435394,0.19544802606105804,0.9421320557594299,-0.09923070669174194,-0.6084999442100525,0.25097641348838806,-63.07778549194336,-5.393919467926025,-78.74220275878906
1697076407.2970293,-0.11181654781103134,0.24643446505069733,0.9925772547721863,-0.04883432760834694,-0.3351377546787262,0.21157561242580414,-62.64513397216797,-5.453776836395264,-77.94196319580078
1697076407.3592472,-0.1787090003490448,0.19156333804130554,0.9616277813911438,-0.1765051633119583,-0.22212770581245422,0.30137279629707336,-61.8944206237793,-5.491036891937256,-78.96046447753906
1697076407.40967,-0.17624065279960632,0.17141155898571014,0.9813672304153442,-0.11725123226642609,-0.1879192590713501,0.11169913411140442,-61.734344482421875,-5.901716709136963,-79.72273254394531
1697076407.465336,-0.12539251148700714,0.1604858934879303,0.9828293919563293,-0.19422025978565216,0.028021611273288727,0.07626895606517792,-61.68913269042969,-5.903792858123779,-80.34477996826172
1697076407.5331838,-0.07602537423372269,0.11435530334711075,0.9747873544692993,-0.013068964704871178,0.21028302609920502,-0.008908813819289207,-61.884037017822266,-6.130624771118164,-79.89730072021484
1697076407.5895102,-0.05356333404779434,0.05584229528903961,0.987459659576416,-0.046666551381349564,0.1809615045785904,0.12120547890663147,-62.48074722290039,-6.083892822265625,-79.5596694946289
1697076407.6470096,-0.025177236646413803,0.05511391535401344,1.0167032480239868,0.06988732516765594,0.1997271627187729,0.13745521008968353,-62.45720672607422,-6.447598934173584,-80.8028335571289
1697076407.6993005,-0.11551907658576965,0.04176032170653343,0.9806361198425293,0.13005754351615906,0.4532362222671509,0.2608499825000763,-62.78853988647461,-6.441664218902588,-80.81044006347656
1697076407.7659292,-0.1434115171432495,0.03496213257312775,0.9752748012542725,-0.24501371383666992,0.15177424252033234,-0.18721966445446014,-63.330745697021484,-6.654026508331299,-80.91845703125
1697076407.8227227,-0.053316500037908554,-0.10758674889802933,0.9155690670013428,0.08485352247953415,0.083051897585392,-0.31397420167922974,-63.357765197753906,-7.112617015838623,-82.06501007080078
1697076407.8832996,-0.04393674433231354,0.004127473570406437,0.8119979500770569,-0.2062237709760666,0.48469579219818115,-0.03328162431716919,-63.92412185668945,-7.084264278411865,-81.04674530029297
1697076407.9361906,-0.1611836701631546,-0.02967078611254692,0.8073676228523254,-0.029184823855757713,0.1306048482656479,-0.010800421237945557,-64.67996215820312,-7.090628623962402,-80.47857666015625
1697076408.0027783,-0.16537988185882568,0.01311079878360033,0.8629305362701416,-0.13583700358867645,-0.12546886503696442,-0.3227941393852234,-65.12236022949219,-7.305648326873779,-80.55044555664062
1697076408.0594122,-0.13822796940803528,-0.021710330620408058,0.9172748923301697,-0.10193398594856262,-0.2274833619594574,0.017763234674930573,-64.95094299316406,-7.791010856628418,-81.73368835449219
1697076408.11884,-0.112557053565979,-0.0354602076113224,0.9560227394104004,0.20431604981422424,0.056927233934402466,0.03895534202456474,-65.17432403564453,-7.618263244628906,-81.30648040771484
1697076408.1753964,-0.12292414903640747,-0.03087691403925419,1.0015939474105835,0.10298971831798553,-0.01408395729959011,0.2000105232000351,-65.16024017333984,-7.914261817932129,-81.94116973876953
1697076408.237272,-0.12094946205615997,-0.027982203289866447,0.9957453608512878,0.09290245175361633,-0.023928165435791016,0.08951359987258911,-65.38440704345703,-8.086417198181152,-82.74978637695312
1697076408.2901251,-0.0989810973405838,-0.010855165310204029,1.106139898300171,0.17964529991149902,-0.6097478866577148,-0.19514960050582886,-65.74573516845703,-7.762434482574463,-81.89019775390625
1697076408.35484,0.028851065784692764,0.010197288356721401,1.044240951538086,-0.24001911282539368,-0.527891993522644,0.04675303399562836,-65.43301391601562,-7.421915531158447,-82.4473876953125
1697076408.4283433,0.10885821282863617,0.06968147307634354,1.000375509262085,0.4224642515182495,0.1669672131538391,-0.023801902309060097,-64.6139907836914,-7.346694469451904,-82.64031982421875
1697076408.495972,-0.03677850961685181,0.11144179105758667,0.8166281580924988,-0.2946915626525879,0.17643563449382782,0.39128103852272034,-63.98261260986328,-7.577610969543457,-84.43184661865234
1697076408.567612,-0.08120892941951752,0.09687423706054688,0.7210990190505981,-0.1935933530330658,0.12359579652547836,-0.3643592894077301,-63.79033660888672,-8.052289962768555,-84.21328735351562
1697076408.645987,-0.07331018894910812,0.01772385649383068,0.8409978151321411,0.040590476244688034,0.130527526140213,-0.002080623060464859,-63.154727935791016,-8.561572074890137,-85.79927062988281
1697076408.7052853,-0.08565196394920349,0.03423375263810158,0.9567538499832153,-0.0514160692691803,0.05346430093050003,0.2020166963338852,-62.930267333984375,-8.59941291809082,-86.0594711303711
1697076408.766048,-0.08466462790966034,-0.0123025206848979,1.0054932832717896,-0.11361479014158249,0.0765896737575531,0.0974206030368805,-62.333805084228516,-8.957673072814941,-86.67503356933594
1697076408.8033516,-0.018759509548544884,-0.006271873135119677,1.075921654701233,-0.12674839794635773,0.22900055348873138,0.34695905447006226,-62.30470657348633,-8.845702171325684,-86.74822998046875
1697076408.8595564,-0.007651905063539743,-0.054517049342393875,1.2338371276855469,0.4141727685928345,-0.43134474754333496,-0.15883737802505493,-61.56468963623047,-9.004008293151855,-87.58943939208984
1697076408.9287655,0.09746325761079788,0.03811843320727348,1.1307533979415894,-0.2886276841163635,-0.20074313879013062,0.20065681636333466,-60.869483947753906,-9.241241455078125,-88.20315551757812
1697076408.9820065,0.0901898741722107,-0.044144339859485626,0.9318967461585999,0.18906894326210022,-0.313142329454422,-0.10324863344430923,-60.12907409667969,-9.411391258239746,-89.29727172851562
1697076409.0502803,0.07127910107374191,0.04758734628558159,0.807611346244812,-0.2189890444278717,0.07200819253921509,0.36803388595581055,-59.3421630859375,-9.311171531677246,-89.08627319335938
1697076409.1093338,-0.23992425203323364,-0.11868314445018768,0.6889309883117676,0.15608221292495728,0.2934468388557434,0.06535017490386963,-59.00410079956055,-9.410508155822754,-87.78712463378906
1697076409.1748974,-0.08787348866462708,0.016509894281625748,0.8261323571205139,0.22480455040931702,0.040854062885046005,0.03816667199134827,-58.036048889160156,-9.679120063781738,-87.28339385986328
1697076409.24473,-0.05578485503792763,0.017238274216651917,0.9201992750167847,-0.137446328997612,-0.2776210904121399,-0.13054485619068146,-57.07717514038086,-9.8443603515625,-88.10343933105469
1697076409.298485,0.02424459159374237,0.0038846812676638365,0.9945268034934998,-0.05886530876159668,0.07143231481313705,0.010669628158211708,-56.12720489501953,-10.082027435302734,-86.53987121582031
1697076409.3667529,0.002424459205940366,0.03836122900247574,1.0522829294204712,0.06514033675193787,0.18658040463924408,0.1902640163898468,-55.3173713684082,-10.081869125366211,-86.63274383544922
1697076409.4423103,0.03539710119366646,0.019423406571149826,1.1931397914886475,0.1286703199148178,-0.530269980430603,-0.6075260043144226,-54.17049789428711,-10.461906433105469,-87.25176239013672
1697076409.502639,0.18353156745433807,0.14713230729103088,1.084938406944275,0.07613591104745865,-0.1429813951253891,-0.15609657764434814,-52.60689163208008,-10.784330368041992,-86.39546966552734
1697076409.559076,0.00654603959992528,0.13936294615268707,0.8327121138572693,-0.23784881830215454,0.13893291354179382,0.306022971868515,-52.07811737060547,-10.834178924560547,-86.3672866821289
1697076409.6306076,-0.10416464507579803,0.02986348792910576,0.6784520745277405,-0.22196632623672485,0.3686182498931885,-0.2590273916721344,-51.26813888549805,-10.877605438232422,-85.43656921386719
1697076409.7001953,-0.08120892941951752,0.002185133285820484,0.7635022401809692,0.25878462195396423,0.19818684458732605,-0.2633034288883209,-50.69291305541992,-11.201346397399902,-84.65692138671875
1697076409.7627058,-0.029373442754149437,0.05681345984339714,0.9908714294433594,0.18089930713176727,0.1349622905254364,-0.2706338167190552,-50.3155403137207,-10.968530654907227,-83.64152526855469
1697076409.8067055,-0.08515829592943192,0.03933239355683327,1.0310814380645752,-0.2776385545730591,-0.1859121322631836,0.1097850650548935,-49.359230041503906,-11.1627836227417,-83.16666412353516
1697076409.8662696,-0.05455067753791809,0.025736013427376747,1.0357115268707275,0.04459284618496895,0.30247464776039124,0.586565375328064,-48.975746154785156,-11.61893367767334,-82.69329833984375
1697076409.9418879,-0.07701272517442703,-0.020262975245714188,1.1034592390060425,0.2791650891304016,0.07767622172832489,-0.45984676480293274,-47.988216400146484,-12.286310195922852,-82.2657241821289
1697076410.0224814,0.01575898379087448,-0.048968859016895294,1.0257201194763184,-0.28496894240379333,-0.34595879912376404,0.4436229169368744,-46.95005798339844,-12.640949249267578,-81.82264709472656
1697076410.082542,0.09770569950342178,-0.011578842997550964,1.0020813941955566,0.32803431153297424,-0.01181553490459919,0.12047520279884338,-46.1251220703125,-12.525152206420898,-79.94084167480469
1697076410.156364,-0.028386101126670837,-0.038354918360710144,0.8405104875564575,-0.06689006090164185,0.11463357508182526,0.4821074306964874,-45.747310638427734,-12.690801620483398,-78.85187530517578
1697076410.2101538,-0.10441148281097412,-0.02267523482441902,0.7364518642425537,0.1527159959077835,0.2933116555213928,0.43048933148384094,-45.134098052978516,-12.906521797180176,-77.66712188720703
1697076410.2695127,-0.10762033611536026,-0.002653484931215644,0.8322247266769409,0.3045160174369812,0.18915912508964539,0.14552068710327148,-45.20231628417969,-13.095519065856934,-76.5484390258789
1697076410.3313823,-0.06467094272375107,0.03471934050321579,0.9433504939079285,-0.018931780010461807,-0.05991121381521225,0.13066203892230988,-44.62590789794922,-13.0188570022583,-75.81304931640625
1697076410.3888042,0.009697836823761463,0.04176032170653343,1.0379048585891724,0.11288156360387802,0.10351398587226868,0.1444024294614792,-44.52735900878906,-13.300076484680176,-75.84668731689453
1697076410.4482145,0.029820848256349564,0.10318684577941895,1.113694667816162,0.06095801293849945,-0.04859146103262901,0.5420756936073303,-44.51226806640625,-13.413122177124023,-75.57282257080078
1697076410.502537,0.02545681968331337,0.14858904480934143,1.136358380317688,-0.067934550344944,-0.4496244788169861,0.04483139514923096,-44.343605041503906,-13.19221019744873,-73.9245376586914
1697076410.57121,0.06012658774852753,0.07647965848445892,0.9955016374588013,-0.1839989423751831,-0.2358216643333435,-0.13598471879959106,-44.92932891845703,-12.99927043914795,-72.41947937011719
1697076410.631851,0.018183445557951927,0.11484088748693466,0.8551322221755981,0.02155720815062523,0.17712324857711792,-0.1891299933195114,-44.45137023925781,-13.217061996459961,-73.00232696533203
1697076410.6822984,-0.08565196394920349,0.07235218584537506,0.8049306869506836,0.14311939477920532,0.2629498243331909,-0.14026077091693878,-44.27691650390625,-13.157772064208984,-73.24052429199219
1697076410.7487235,-0.13230390846729279,0.05195761099457741,0.8088298439979553,0.31263449788093567,0.13588982820510864,-0.31954970955848694,-44.38166046142578,-12.6007080078125,-72.86136627197266
1697076410.8128808,-0.16784822940826416,0.06239769235253334,0.874384343624115,0.24269042909145355,0.055561065673828125,-0.1799670159816742,-44.01791000366211,-12.28244400024414,-72.2690658569336
1697076410.8811293,-0.15772797167301178,0.09590306133031845,0.9604092836380005,0.13140474259853363,0.028200924396514893,0.0497836135327816,-44.17229461669922,-11.222254753112793,-71.4863052368164
1697076410.9428482,-0.1204557940363884,0.07817921042442322,0.9859974384307861,-0.028947383165359497,0.21634742617607117,0.4135538935661316,-44.37334442138672,-10.940081596374512,-70.64282989501953
1697076411.0106692,-0.03356964886188507,0.10051612555980682,1.1312408447265625,0.12621238827705383,-0.3291552662849426,-0.4465443789958954,-44.81241989135742,-10.424392700195312,-68.62991333007812
1697076411.0643153,0.027881281450390816,0.0776936262845993,0.9950142502784729,-0.4776279032230377,-0.1895725429058075,0.5522202849388123,-44.86976623535156,-10.49072265625,-68.33978271484375
1697076411.130141,-0.012094946578145027,0.04176032170653343,0.9538294672966003,0.5580940842628479,0.03705846890807152,-0.6643178462982178,-44.779544830322266,-10.937910079956055,-68.5208740234375
1697076411.1912606,0.010910065844655037,0.19666199386119843,0.9479807615280151,-0.3105562627315521,-0.1694139838218689,-0.8341383934020996,-44.112552642822266,-10.275269508361816,-68.41793823242188
1697076411.253088,-0.0407278798520565,0.0220941249281168,0.761552631855011,-0.3838600814342499,-0.22714075446128845,-1.009456753730774,-44.24861145019531,-10.100255012512207,-68.11628723144531
1697076411.312517,-0.009132918901741505,0.10610035806894302,0.8431911468505859,0.30733394622802734,0.08226250112056732,-1.0210630893707275,-44.11360549926758,-9.972709655761719,-68.93645477294922
1697076411.3649049,-0.1088545173406601,0.09420351684093475,0.9131320714950562,0.06268240511417389,-0.13001316785812378,-1.0051805973052979,-43.73162841796875,-9.57974624633789,-69.62505340576172
1697076411.4209373,-0.06911398470401764,0.11435530334711075,0.9245858788490295,-0.21251238882541656,-0.09000150114297867,-0.9715830683708191,-43.463523864746094,-9.531582832336426,-69.74526977539062
1697076411.483071,-0.29373443126678467,-0.1128937155008316,0.9092329144477844,0.01961640454828739,0.32813575863838196,-1.4553883075714111,-43.36785125732422,-8.354266166687012,-68.84650421142578
1697076411.548057,0.03491221368312836,0.20346017181873322,1.0851820707321167,0.1026940792798996,-0.3505355417728424,-1.7009562253952026,-43.283447265625,-7.405807971954346,-68.0063247680664
1697076411.6209292,0.0807344913482666,0.10270126163959503,1.146593689918518,-0.24488824605941772,-0.8749633431434631,-1.3921637535095215,-42.17843246459961,-6.357770919799805,-68.7638931274414
1697076411.6794434,0.07491578906774521,0.11338412761688232,1.010123372077942,0.49486956000328064,0.1891639232635498,-1.169197916984558,-41.485496520996094,-5.0144500732421875,-68.35458374023438
1697076411.7329323,0.019153228029608727,0.20977278053760529,0.9711319208145142,-0.1352379322052002,-0.03655079007148743,-1.1136091947555542,-41.400169372558594,-3.4019548892974854,-67.98878479003906
1697076411.7847176,-0.005924055352807045,0.11314133554697037,0.8339306116104126,-0.24916431307792664,-0.08542001247406006,-1.3872768878936768,-41.85578918457031,-2.5131585597991943,-68.10440826416016
1697076411.8474708,-0.03381648287177086,0.116297647356987,0.8278381824493408,-0.03444517031311989,0.07981903851032257,-1.3735324144363403,-42.12377166748047,-1.1757574081420898,-67.94425201416016
1697076411.9052777,-0.0777532234787941,0.0738089457154274,0.856594443321228,0.1634751707315445,-0.11749043315649033,-1.4486688375473022,-42.575130462646484,-0.08665815740823746,-68.55089569091797
1697076411.9626315,-0.03924686834216118,0.0905616357922554,0.9306783080101013,-0.05246569588780403,-0.09641558676958084,-1.1307134628295898,-42.59703063964844,1.1583949327468872,-68.57669830322266
1697076412.0298104,-0.01456330344080925,-0.002894710749387741,0.9950142502784729,-0.03200170770287514,0.2203180491924286,-0.7370108366012573,-42.60906219482422,2.041084051132202,-68.3582763671875
1697076412.091453,0.023517252877354622,0.07453731447458267,1.0632493495941162,-0.0338343046605587,0.23864400386810303,-0.7678595185279846,-43.980770111083984,3.553093671798706,-67.86219024658203
1697076412.1516113,0.027396388351917267,0.025978805497288704,1.0564258098602295,-0.5399361848831177,-0.4372783899307251,-0.6013987064361572,-44.499752044677734,4.272209644317627,-68.16319274902344
1697076412.2126715,0.06546039879322052,-0.10734552890062332,0.9484680891036987,0.029695680364966393,-0.008756423369050026,-0.7681649327278137,-44.74669647216797,4.802880764007568,-68.31822967529297
1697076412.268172,0.13479992747306824,0.1051291823387146,1.0622745752334595,0.3659769892692566,-0.0057020969688892365,-1.0103729963302612,-45.576393127441406,5.865385055541992,-68.23988342285156
1697076412.32233,0.05964169651269913,0.06045534834265709,0.9143506288528442,-0.07567857205867767,0.11647095531225204,-0.405005544424057,-46.12141036987305,6.5556817054748535,-68.28990936279297
1697076412.3790934,-0.12440516799688339,0.0024279258213937283,0.7893341183662415,0.20226511359214783,0.09753412753343582,-0.5925411581993103,-47.42293930053711,7.044642448425293,-68.19593048095703
1697076412.441856,-0.10441148281097412,-0.0007236776873469353,0.8341743350028992,0.2844264805316925,0.04744318127632141,-0.6695101857185364,-48.04045486450195,7.214781761169434,-69.11167907714844
1697076412.5058107,-0.051341813057661057,-0.01688581332564354,0.9228799343109131,0.04985423386096954,-0.13245663046836853,-0.7467846274375916,-48.79446792602539,8.142829895019531,-69.17060852050781
1697076412.559364,-0.005183548666536808,-0.055964406579732895,0.9318967461585999,-0.05704718455672264,0.13265886902809143,-0.46303775906562805,-49.534996032714844,8.818991661071777,-69.91181182861328
1697076412.624886,0.03830645605921745,-0.0349777527153492,1.0593502521514893,0.32810336351394653,0.26338404417037964,-0.5821564793586731,-50.5041618347168,9.26037883758545,-70.09452819824219
1697076412.7087724,0.04873162880539894,0.062640480697155,1.1090643405914307,0.32810336351394653,-0.5420417785644531,-0.6624852418899536,-51.74427032470703,9.713006019592285,-69.78810119628906
1697076412.752485,0.13504236936569214,0.1767529994249344,1.1658456325531006,-0.13126730918884277,-0.8019649386405945,-0.715325117111206,-51.81816482543945,9.858110427856445,-70.91779327392578
1697076412.806703,0.09479635208845139,0.0609409362077713,0.9126446843147278,-0.45105525851249695,0.30889350175857544,0.1756218522787094,-51.63260269165039,9.542970657348633,-71.12052154541016
1697076412.8608875,-0.03431015461683273,0.13450708985328674,0.9253169298171997,0.2902297079563141,0.2594134211540222,-0.694250226020813,-52.51504898071289,9.8901948928833,-69.21154022216797
1697076412.9247243,-0.03085445426404476,0.1364494264125824,0.889493465423584,-0.35056793689727783,-0.33343130350112915,-0.6884469985961914,-53.30661392211914,10.056500434875488,-69.40577697753906
1697076412.9896367,-0.004196206107735634,0.029620693996548653,0.8278381824493408,-0.084536112844944,0.03583674132823944,-0.40836530923843384,-53.858097076416016,9.880167961120605,-69.54877471923828
1697076413.039698,-0.05578485503792763,0.07138101756572723,0.8692666292190552,0.056268319487571716,0.19802147150039673,-0.32620394229888916,-54.65327835083008,9.936162948608398,-69.03477478027344
1697076413.1052096,-0.09305703639984131,0.0648256167769432,0.9175186157226562,0.06482043117284775,-0.020057430490851402,-0.2880248427391052,-54.9249267578125,9.732776641845703,-69.94847869873047
1697076413.1672807,-0.07528486847877502,0.06166931614279747,0.9738126397132874,-0.13901253044605255,-0.05326719954609871,0.048275694251060486,-55.22123718261719,10.095854759216309,-69.36885833740234
1697076413.2400367,-0.028386101126670837,0.02622159756720066,1.0452157258987427,0.16529658436775208,0.22175253927707672,0.08640570938587189,-55.49074172973633,10.211170196533203,-68.66023254394531
1697076413.3094416,0.060611478984355927,0.028892317786812782,1.1634087562561035,0.13230986893177032,-0.561376690864563,-0.3320370018482208,-55.768798828125,10.01697063446045,-69.7109375
1697076413.377965,0.10813087970018387,-0.002894710749387741,1.016459584236145,-0.32461732625961304,0.17960284650325775,0.31303671002388,-54.89397048950195,9.828302383422852,-70.87456512451172
1697076413.440934,0.008970499038696289,-0.08901235461235046,0.9240984320640564,0.4429348409175873,0.22572316229343414,-0.19367599487304688,-54.98743438720703,10.02341079711914,-70.76072692871094
1697076413.503225,0.07418844848871231,0.06701074540615082,0.9594345092773438,-0.06510838121175766,0.03033854439854622,-0.15468531847000122,-55.194698333740234,10.713171005249023,-70.59219360351562
1697076413.5570157,0.00024244592350441962,0.008012155070900917,0.8193088173866272,-0.0003506708890199661,0.11991843581199646,-0.08301673829555511,-55.09261703491211,10.7614164352417,-70.70651245117188
1697076413.620262,-0.11428490281105042,-0.02122787944972515,0.8095608949661255,0.09755279868841171,-0.052066393196582794,-0.11645621061325073,-54.921844482421875,10.81562614440918,-71.09272003173828
1697076413.6894186,-0.06738612800836563,0.007040984462946653,0.8821825981140137,0.1988620162010193,-0.06857532262802124,-0.20773804187774658,-54.67210006713867,10.811933517456055,-71.3587646484375
1697076413.7472513,0.0026669050566852093,0.04831572249531746,0.9543168544769287,0.09874477237462997,0.029425082728266716,0.02473607286810875,-54.33259201049805,11.247756004333496,-72.03050994873047
1697076413.813236,0.012364741414785385,0.03423375263810158,0.9991570711135864,0.1912405788898468,0.20443622767925262,-0.1633436232805252,-54.28811264038086,11.3217134475708,-72.43678283691406
1697076413.8578837,0.03976112976670265,0.09760261327028275,1.0410728454589844,0.0904478058218956,0.16931147873401642,-0.2345094233751297,-53.75663757324219,11.2681303024292,-72.14501953125
1697076413.9227846,0.030305739492177963,0.07793641835451126,1.1202744245529175,0.2413315325975418,-0.6816238164901733,-0.6911311745643616,-53.641197204589844,11.311874389648438,-73.63395690917969
1697076413.99017,0.13916395604610443,0.1313507854938507,1.0318124294281006,-0.41779208183288574,0.024841854348778725,-0.19785751402378082,-53.109310150146484,11.077940940856934,-75.0711441040039
1697076414.0455933,0.04097335785627365,0.0480729304254055,0.8868128061294556,0.34517860412597656,0.34951674938201904,-0.2742156684398651,-53.0010986328125,10.850116729736328,-76.03038787841797
1697076414.1110048,-0.009379754774272442,0.11751160025596619,0.8575692176818848,-0.034779567271471024,0.11219558119773865,-0.30353718996047974,-53.03636169433594,10.965543746948242,-76.71472930908203
1697076414.1702285,-0.049613963812589645,0.007283777464181185,0.7954264879226685,-0.09494979679584503,-0.1486438810825348,-0.3053697943687439,-53.62455749511719,11.306910514831543,-76.7370834350586
1697076414.23509,-0.018512673676013947,0.03180582821369171,0.836611270904541,-0.04241538420319557,0.18855373561382294,-0.2836840748786926,-53.41138458251953,11.253242492675781,-77.16065979003906
1697076414.3067863,-0.033075977116823196,0.04540221393108368,0.905577540397644,0.08472348749637604,0.0076075829565525055,-0.15609386563301086,-53.39382553100586,11.348393440246582,-76.59010314941406
1697076414.3683305,-0.12267731875181198,0.06628236919641495,0.9579722881317139,-0.24624940752983093,0.05239371955394745,0.26191791892051697,-53.36670684814453,11.648415565490723,-76.87577819824219
1697076414.43736,-0.16982293128967285,0.013596383854746819,1.0432662963867188,0.21800817549228668,0.08415871113538742,0.1797565519809723,-52.77383041381836,11.697637557983398,-76.7488784790039
1697076414.507338,-0.08639247715473175,0.04685896635055542,1.1997195482254028,0.05460173264145851,-0.26525619626045227,-0.24754369258880615,-52.14984893798828,11.332637786865234,-78.60960388183594
1697076414.5815394,0.04315537214279175,0.0369044728577137,1.0115855932235718,-0.5324397683143616,0.1208106204867363,0.6324077248573303,-51.832435607910156,10.73009204864502,-78.83195495605469
1697076414.650402,-0.07108866423368454,-0.06923183053731918,0.8987540006637573,0.6352291703224182,0.03803838789463043,-0.17362898588180542,-51.117637634277344,10.392086029052734,-78.4186019897461
1697076414.7064166,0.046792060136795044,0.10173008590936661,1.0123167037963867,-0.13904255628585815,-0.054507698863744736,0.00840885378420353,-50.26425552368164,10.082533836364746,-79.50013732910156
1697076414.7752907,-0.085405133664608,-0.02749975211918354,0.7308468222618103,-0.23128320276737213,0.006273394450545311,0.2964318096637726,-49.72269821166992,9.357237815856934,-80.07532501220703
1697076414.8195047,-0.174759641289711,-0.027258524671196938,0.7259728908538818,0.04497537389397621,0.06352512538433075,0.15691569447517395,-48.934940338134766,8.550135612487793,-80.93513488769531
1697076414.8774014,-0.14489252865314484,-0.02315768599510193,0.8561070561408997,0.17959286272525787,-0.1603979766368866,0.13212302327156067,-48.631629943847656,8.464356422424316,-80.66805267333984
1697076414.9512641,-0.042208895087242126,0.028892317786812782,0.9784428477287292,0.16486282646656036,-0.04088577628135681,0.020893827080726624,-47.43423080444336,8.359163284301758,-81.85549926757812
1697076415.0234113,-0.044924091547727585,0.06895309686660767,1.049358606338501,0.11219556629657745,-0.06040012836456299,-0.0880163162946701,-46.9701042175293,8.174749374389648,-80.52938079833984
1697076415.0862932,0.045822277665138245,0.10779991000890732,1.1938709020614624,0.037364572286605835,-0.8267305493354797,-0.5556336641311646,-45.928627014160156,7.9585161209106445,-81.10839080810547
1697076415.1419003,0.156620055437088,0.1850079447031021,1.0578880310058594,-0.3196861445903778,-0.3429253101348877,-0.08435112982988358,-44.725040435791016,7.434759140014648,-82.55025482177734
1697076415.2023373,0.06739996373653412,0.09371793270111084,0.9170312881469727,0.17236578464508057,0.23098258674144745,-0.2691378593444824,-44.0513801574707,6.585580825805664,-83.30406188964844
1697076415.2613502,0.04824673756957054,0.14858904480934143,0.880476713180542,-0.019140463322401047,0.16500914096832275,-0.3913109004497528,-43.98054504394531,6.003849506378174,-83.43244934082031
1697076415.315311,-0.0017278495943173766,0.07308056950569153,0.8061491847038269,-0.1978185474872589,-0.009392878040671349,-0.3009028434753418,-44.0096435546875,6.417320728302002,-82.00336456298828
1697076415.3838782,-0.027892427518963814,0.046373382210731506,0.822476863861084,0.06271547824144363,0.13171698153018951,-0.3461068868637085,-44.01959228515625,6.3421831130981445,-81.91291046142578
1697076415.445796,-0.07627221941947937,0.06798192113637924,0.8977791666984558,-0.028914306312799454,0.06574355065822601,-0.3213668465614319,-43.74882888793945,6.355915069580078,-82.75873565673828
1697076415.5138702,-0.05899371951818466,0.03933239355683327,0.9660142660140991,-0.12665274739265442,0.05749686434864998,-0.15490606427192688,-43.44929504394531,6.189640998840332,-82.364990234375
1697076415.5757113,-0.08663931488990784,-0.024846268817782402,1.0320560932159424,0.150374636054039,0.34246549010276794,0.20214466750621796,-43.20768356323242,6.46505880355835,-81.9571762084961
1697076415.628895,-0.07207600772380829,0.018937820568680763,1.0764089822769165,-0.14070264995098114,0.1479049175977707,0.020717693492770195,-42.64173889160156,5.981988430023193,-82.10636138916016
1697076415.6923287,0.036851778626441956,-0.010372713208198547,1.119543433189392,-0.24546603858470917,-0.7714472413063049,-0.2202686369419098,-42.171302795410156,5.142243385314941,-82.00843048095703
1697076415.754076,0.07612801343202591,-0.1543845683336258,0.9599218368530273,-0.3902410864830017,-0.15416795015335083,0.4080062508583069,-41.25855255126953,4.3172993659973145,-81.74342346191406
1697076415.808445,0.003879134776070714,0.011411250568926334,0.9635773301124573,0.624406099319458,0.022677548229694366,0.104100801050663,-40.5865364074707,3.7634708881378174,-81.75379943847656
1697076415.8695621,0.018183445557951927,0.0810927227139473,0.9028968811035156,-0.11015938222408295,-0.10896391421556473,0.22596842050552368,-40.08880615234375,2.7921507358551025,-83.12308502197266
1697076415.9396803,-0.06096840649843216,0.023793673142790794,0.7973760962486267,0.13937906920909882,0.08926185965538025,0.49047306180000305,-40.176700592041016,2.615057945251465,-81.90791320800781
1697076415.9956114,-0.1318102329969406,0.040060773491859436,0.8636615872383118,0.1955786645412445,0.0513882115483284,0.18595674633979797,-39.26707077026367,1.8603672981262207,-81.70488739013672
1697076416.0553303,-0.116506427526474,0.05608508735895157,0.9343336820602417,-0.023282045498490334,-0.007739813532680273,0.02399413287639618,-38.7097282409668,0.8113970756530762,-82.29730987548828
1697076416.1214237,-0.06713929772377014,0.04103194549679756,0.9377454519271851,-0.16864176094532013,0.0348825603723526,-0.07721754163503647,-38.47489929199219,0.5158651471138,-82.18574523925781
1697076416.1904407,0.011152512393891811,0.0029135108925402164,1.0340057611465454,0.2042914777994156,0.04587813466787338,-0.11142599582672119,-38.58287048339844,-0.046413831412792206,-81.49126434326172
1697076416.2541249,0.05576256290078163,0.11702601611614227,1.2036187648773193,0.5194979310035706,-0.36187443137168884,-0.6291342973709106,-37.63170623779297,-0.5133015513420105,-81.19080352783203
1697076416.3265996,0.09552369266748428,0.16291381418704987,1.0420477390289307,-0.43009206652641296,-0.273298978805542,-0.21527308225631714,-37.130348205566406,-0.35280290246009827,-81.06438446044922
1697076416.3989913,0.0901898741722107,0.14907462894916534,0.8802330493927002,0.0827292948961258,0.33481737971305847,-0.19603082537651062,-36.715946197509766,-0.3415723443031311,-79.36913299560547
1697076416.468581,-0.04393674433231354,0.12163908034563065,0.7466871738433838,0.08028583228588104,0.32657068967819214,-0.16029521822929382,-36.6202507019043,-0.7955867648124695,-79.65011596679688
1697076416.528268,-0.1184811145067215,0.05948418006300926,0.7998130917549133,-0.11580190807580948,-0.07843293994665146,-0.41655319929122925,-36.137264251708984,-1.2227118015289307,-79.6042709350586
1697076416.5982962,-0.07429753243923187,0.049286894500255585,0.9401824474334717,0.014923252165317535,-0.2791021764278412,-0.5051286816596985,-36.2331428527832,-0.7114861011505127,-78.34590148925781
1697076416.6515377,-0.043196238577365875,0.04467383399605751,0.9952579140663147,-0.1646711230278015,0.10391033440828323,0.03212733566761017,-35.85338592529297,-0.701601505279541,-78.30326843261719
1697076416.715119,-0.12489883601665497,0.0029135108925402164,1.0054932832717896,0.0469936765730381,0.15858277678489685,0.4548460841178894,-35.76102828979492,-0.9050107002258301,-77.24144744873047
1697076416.7751834,-0.10342413187026978,0.05584229528903961,1.0574005842208862,0.1893252730369568,0.4948640763759613,0.125895157456398,-36.24932098388672,-0.779508113861084,-74.33149719238281
1697076416.8395405,-0.09058868139982224,0.004613059107214212,1.1487869024276733,-0.18818944692611694,-0.4794659912586212,-0.17801029980182648,-35.907188415527344,-1.634931206703186,-74.52415466308594
1697076416.9011421,-0.007158233784139156,-0.11554720252752304,0.9138631820678711,-0.4823210537433624,0.20959001779556274,0.3955921530723572,-35.7680549621582,-2.4744224548339844,-73.5743179321289
1697076416.955893,0.00024244592350441962,-0.0352189801633358,0.9594345092773438,0.41931605339050293,-0.002380221150815487,-0.2629205882549286,-35.59272766113281,-3.125009298324585,-72.96820831298828
1697076417.0189102,0.04921652376651764,0.08522019535303116,0.9104514122009277,-0.3738924562931061,-0.07934924215078354,-0.080882728099823,-35.62063980102539,-3.5475025177001953,-72.06941986083984
1697076417.0932229,-0.015550645999610424,-0.004100840073078871,0.7391325235366821,-0.034556832164525986,-0.02376050502061844,0.22119013965129852,-35.43638229370117,-3.8610379695892334,-70.85120391845703
1697076417.15616,-0.16217102110385895,-0.03039446286857128,0.7993256449699402,0.145995631814003,-0.06365260481834412,0.22357873618602753,-35.87939453125,-4.817059516906738,-69.97019958496094
1697076417.2172408,-0.054057009518146515,-0.05861789360642433,0.9311656951904297,0.18936707079410553,-0.1198522076010704,0.00030748918652534485,-35.440547943115234,-5.050206184387207,-69.88337707519531
1697076417.2717297,-0.035050664097070694,-0.013508650474250317,1.0620309114456177,0.11411259323358536,-0.040060367435216904,-0.005703664384782314,-35.342735290527344,-4.574980735778809,-68.65071105957031
1697076417.3387766,-0.03085445426404476,0.014324761927127838,1.0839636325836182,0.17271146178245544,0.09649450331926346,0.03341057151556015,-35.65839385986328,-4.438215732574463,-67.13520050048828
1697076417.406303,0.014061863534152508,0.14737509191036224,1.2106858491897583,0.48028209805488586,-0.5586584806442261,-0.39205706119537354,-35.96508026123047,-4.063023090362549,-67.61919403076172
1697076417.4646826,0.09891793131828308,0.13887736201286316,1.012073040008545,-0.24298234283924103,0.26998022198677063,0.23988303542137146,-36.06393051147461,-3.877424955368042,-67.6438980102539
1697076417.519775,0.03200286254286766,0.11751160025596619,0.8587877154350281,0.11162494122982025,0.32068201899528503,-0.0753234475851059,-36.34928512573242,-3.9508578777313232,-67.19119262695312
1697076417.5877771,-0.0562785267829895,0.09274676442146301,0.7508299946784973,-0.2289324402809143,-0.058359839022159576,-0.1660369336605072,-37.389503479003906,-3.5026466846466064,-65.0459976196289
1697076417.641779,-0.10317730158567429,0.020394576713442802,0.741569459438324,-0.14035697281360626,-0.07179887592792511,-0.14526750147342682,-37.945716857910156,-3.8192191123962402,-64.31462097167969
1697076417.6939447,-0.141930490732193,0.009226118214428425,0.8412414789199829,0.1549963653087616,0.0018103858456015587,-0.40244176983833313,-38.54640197753906,-3.6424598693847656,-63.1322021484375
1697076417.7541294,-0.13255074620246887,0.07283777743577957,0.9862411618232727,0.09696417301893234,-0.12250068783760071,-0.439093679189682,-38.92924118041992,-3.3379898071289062,-62.335655212402344
1697076417.8012018,-0.07405069470405579,0.09663144499063492,1.023526668548584,-0.36332279443740845,-0.08004555851221085,-0.13213390111923218,-39.47349166870117,-2.5943996906280518,-60.31692886352539
1697076417.8743613,-0.11231022328138351,0.02063736878335476,0.9623588919639587,-0.11011914908885956,0.18965144455432892,0.29699891805648804,-39.593040466308594,-3.582102060317993,-61.06819152832031
1697076417.9597728,-0.02813926339149475,0.031563032418489456,1.1183247566223145,0.6522406935691833,0.11818021535873413,-0.2726329267024994,-40.52676773071289,-4.066542625427246,-60.30461120605469
1697076418.0145693,-0.013575960882008076,0.1437332034111023,1.14537513256073,-0.10095616430044174,-0.30270594358444214,0.1369522362947464,-41.20827865600586,-3.270977735519409,-59.080753326416016
1697076418.091439,-0.08713298290967941,-0.07453880459070206,0.9170312881469727,0.11712272465229034,-0.1484624594449997,-0.07959949970245361,-41.731353759765625,-3.3602750301361084,-58.93526840209961
1697076418.1647477,0.027638833969831467,0.07453731447458267,0.9604092836380005,0.0574968084692955,-0.07839995622634888,-0.0611446276307106,-42.17552947998047,-3.1767683029174805,-59.18819808959961
1697076418.2295914,-0.003949370235204697,0.027921147644519806,0.8234516978263855,-0.1814143806695938,-0.08004679530858994,0.3396635055541992,-43.18065643310547,-3.148918628692627,-58.351646423339844
1697076418.2952986,-0.1493355631828308,-0.034254077821969986,0.7461997866630554,0.26512813568115234,0.1252039223909378,0.30789852142333984,-43.678768157958984,-3.252323627471924,-58.00190353393555
1697076418.3544223,-0.16241785883903503,0.05025806277990341,0.8760901689529419,0.27887260913848877,-0.1118117943406105,0.08340554684400558,-43.982810974121094,-3.066337823867798,-57.7342414855957
1697076418.4234521,-0.10589249432086945,0.05729904770851135,1.0574005842208862,-0.14262443780899048,-0.19183515012264252,-0.011889436282217503,-43.8900032043457,-2.9219229221343994,-58.480838775634766
1697076418.475945,-0.02739875763654709,0.033748168498277664,1.055694818496704,-0.07926661521196365,-0.13846103847026825,-0.023100988939404488,-44.06471633911133,-2.940631628036499,-59.41752624511719
1697076418.54303,0.01648632250726223,0.07647965848445892,1.1504929065704346,0.443254292011261,-0.17003698647022247,-0.03740943223237991,-43.758872985839844,-3.1606009006500244,-59.97943878173828
1697076418.6156757,0.06546039879322052,0.25687456130981445,0.9986696839332581,-0.1792173981666565,0.06575700640678406,0.26191455125808716,-43.74987030029297,-2.463003635406494,-59.3116569519043
1697076418.6923192,0.03273019939661026,0.1699548065662384,0.9996444582939148,0.5015919208526611,-0.11689170449972153,-0.5593938231468201,-44.13367462158203,-1.4657031297683716,-59.3099365234375
1697076418.7503777,0.01309207919985056,0.2068592756986618,0.8249138593673706,-0.4568556547164917,0.08133406937122345,-0.046877846121788025,-44.73581314086914,-0.8617244958877563,-59.38329315185547
1697076418.8239636,-0.1473608911037445,0.010925665497779846,0.7130569815635681,0.11155445128679276,0.18670831620693207,-0.4060665965080261,-45.44065475463867,-0.4843423366546631,-59.1863899230957
1697076418.8956194,-0.14316467940807343,0.1386345624923706,0.909476637840271,0.32871705293655396,0.3455332815647125,-0.633308470249176,-46.217193603515625,0.14617326855659485,-60.32417297363281
1697076418.9610448,-0.10712666809558868,0.1794237196445465,1.0240141153335571,-0.41348421573638916,-0.2894611358642578,-0.23899497091770172,-46.97471618652344,0.8967918753623962,-60.5152473449707
1697076419.03085,-0.09774692356586456,0.00048558515845797956,0.9955016374588013,-0.13584595918655396,0.1497509628534317,0.35293346643447876,-47.89075469970703,1.6518027782440186,-59.92182159423828
1697076419.0908725,-0.08441779017448425,0.08060713857412338,1.01719069480896,0.24899914860725403,0.4774802029132843,0.2790187895298004,-49.320369720458984,1.814394474029541,-59.944854736328125
1697076419.158894,-0.01505697425454855,0.08084993064403534,1.1509802341461182,-0.12515582144260406,-0.5805383920669556,-0.03160621225833893,-50.27516555786133,2.1907904148101807,-60.54218292236328
1697076419.2415473,-0.013575960882008076,-0.10975778102874756,0.8812077641487122,-0.24366368353366852,-0.10559069365262985,0.4861021041870117,-50.6486701965332,2.1199090480804443,-60.92543411254883
1697076419.3110344,0.05721723660826683,0.028649523854255676,0.973325252532959,0.42981526255607605,0.07553084939718246,-0.05787341669201851,-50.861480712890625,2.4045863151550293,-61.156646728515625
1697076419.3829222,-0.004443041514605284,0.06701074540615082,0.8475776314735413,-0.20517916977405548,-0.19141727685928345,0.16753585636615753,-51.92136764526367,3.2380592823028564,-61.67747116088867
1697076419.4759905,-0.14242418110370636,0.007040984462946653,0.7851912379264832,0.10880555957555771,-0.04389331117272377,0.2295386791229248,-52.27985763549805,4.055840015411377,-60.68678283691406
1697076419.5267317,-0.13699378073215485,0.007283777464181185,0.9494429230690002,0.26304903626441956,-0.1388828605413437,0.10767105966806412,-52.13640213012695,4.470036506652832,-60.76264190673828
1697076419.5802035,-0.0950317233800888,0.05050085484981537,1.0605686902999878,0.05932547524571419,0.05415056273341179,0.293984979391098,-52.62908935546875,4.807030200958252,-62.948936462402344
1697076419.6570337,-0.0543038435280323,0.05244319513440132,1.030593991279602,-0.06987252086400986,0.18701374530792236,0.03925415500998497,-53.15594482421875,5.813278675079346,-63.54690170288086
1697076419.7020032,-0.012094946578145027,0.045159418135881424,1.1149131059646606,0.16890528798103333,-0.27966055274009705,-0.23941858112812042,-53.377540588378906,5.6224846839904785,-65.02316284179688
1697076419.7578573,0.10328195989131927,0.13329312205314636,1.1361147165298462,-0.07177562266588211,-0.37434467673301697,-0.09647609293460846,-53.390140533447266,6.071614742279053,-65.43743133544922
1697076419.8210936,0.09819059818983078,0.09129000455141068,0.9301908612251282,-0.23548750579357147,0.18917851150035858,0.33815452456474304,-53.75444412231445,6.63034725189209,-65.46602630615234
1697076419.8691752,0.07297622412443161,0.15393050014972687,0.9119135737419128,0.2302972376346588,0.2392694652080536,0.03302733600139618,-53.86259078979492,6.487431526184082,-66.8528823852539
1697076419.9230626,-0.07651904970407486,0.03350537270307541,0.8556196093559265,-0.28160783648490906,-0.02981667034327984,0.06448689103126526,-54.952301025390625,7.372228622436523,-65.69004821777344
1697076419.9700298,-0.13082289695739746,0.012868006713688374,0.8575692176818848,-0.12101958692073822,-0.03351973742246628,0.012051899917423725,-54.542293548583984,6.924670696258545,-67.42593383789062
1697076420.0184243,-0.08392411470413208,0.09881658107042313,0.8751153349876404,0.07928118854761124,0.29505258798599243,-0.25750628113746643,-53.996185302734375,6.467403888702393,-68.29222106933594
1697076420.07618,-0.09873425960540771,0.11969674378633499,0.9004598259925842,-0.10275664925575256,0.13103526830673218,-0.1478559821844101,-54.161251068115234,5.808852195739746,-70.65069580078125
1697076420.14858,-0.11082920432090759,0.08254947513341904,0.9216614961624146,-0.24844801425933838,-0.05619492754340172,-0.11486925184726715,-54.54643630981445,5.498130798339844,-71.49694061279297
1697076420.2094817,-0.1555064469575882,0.07016704976558685,0.984535276889801,0.19486527144908905,0.3566780388355255,0.4087556302547455,-54.747196197509766,5.251697540283203,-71.87928009033203
1697076420.2756667,-0.1086076870560646,0.16412778198719025,1.0793333053588867,0.007940496318042278,0.5206953287124634,-0.2131051868200302,-55.29387664794922,5.091583728790283,-73.00306701660156
1697076420.3364553,-0.08441779017448425,0.050743646919727325,1.15561044216156,-0.18936897814273834,-0.6457518339157104,-0.6233011484146118,-56.299171447753906,5.045337677001953,-73.70642852783203
1697076420.3892858,0.09964527189731598,0.07162380963563919,0.9898965954780579,-0.21930137276649475,0.622098982334137,-0.274802565574646,-56.22819519042969,4.780916213989258,-74.55508422851562
1697076420.4568186,0.021820131689310074,0.0956602692604065,0.9462748765945435,0.8799506425857544,0.7705392241477966,-0.8578734397888184,-57.3975715637207,4.404969215393066,-74.63788604736328
1697076420.510178,0.0792798176407814,0.34865012764930725,1.039610743522644,0.2620604336261749,0.14806756377220154,-1.6666591167449951,-59.28860855102539,4.693117618560791,-74.45738983154297
1697076420.5728762,0.22644448280334473,0.3149019777774811,0.8763338923454285,-0.11148366332054138,0.1502055823802948,-2.134887218475342,-60.51399230957031,4.179986000061035,-74.62583923339844
1697076420.642271,0.13261792063713074,0.1905921846628189,0.7922585010528564,0.18173165619373322,0.23358869552612305,-2.5090420246124268,-62.845237731933594,3.6576788425445557,-74.25399780273438
1697076420.711827,0.14861935377120972,0.15951472520828247,0.9596782326698303,0.39736708998680115,0.22259311378002167,-3.1165475845336914,-64.67316436767578,1.47318434715271,-75.1949691772461
1697076420.7655463,0.14692223072052002,0.06603957712650299,1.0125603675842285,1.1059707403182983,0.4696881175041199,-3.396934747695923,-66.31983184814453,0.2882705330848694,-75.20039367675781
1697076420.826849,0.22523225843906403,0.12503817677497864,1.0756778717041016,1.6371181011199951,0.641646683216095,-3.6669371128082275,-67.99652099609375,-1.0343397855758667,-76.23526763916016
1697076420.896255,0.28560128808021545,0.21851330995559692,1.146593689918518,1.3649775981903076,-0.7969409823417664,-4.804063320159912,-70.14191436767578,-2.0501439571380615,-76.82811737060547
1697076420.956344,0.4354328513145447,0.19374847412109375,0.9535858035087585,0.3958399295806885,-1.564493179321289,-4.458313465118408,-70.38855743408203,-4.381050109863281,-76.4663314819336
1697076421.0269742,0.2615991234779358,0.009711703285574913,0.8266196846961975,1.5479316711425781,-1.166209101676941,-3.4494690895080566,-69.72905731201172,-6.443764686584473,-74.42375946044922
1697076421.0884016,0.28778329491615295,0.18695028126239777,1.0788459777832031,0.4037811756134033,-0.3650592565536499,-3.75765061378479,-68.56622314453125,-7.449326038360596,-73.11824035644531
1697076421.180392,0.17844019830226898,-0.012543746270239353,0.9769806265830994,-0.2425142526626587,-1.0855748653411865,-3.2729291915893555,-66.4683609008789,-9.315567970275879,-73.30155181884766
1697076421.2698588,0.12316253036260605,-0.15100741386413574,0.9962327480316162,-0.007636567112058401,-0.17966164648532867,-2.250035285949707,-64.17235565185547,-11.342214584350586,-72.45591735839844
1697076421.3366697,-0.007651905063539743,-0.06657834351062775,1.0803080797195435,-0.1860092133283615,0.00848484132438898,-1.7421009540557861,-62.923194885253906,-12.74341869354248,-70.93301391601562
1697076421.4035134,-0.03529749810695648,-0.047521501779556274,1.0149974822998047,0.036040298640728,0.10775044560432434,-1.0799230337142944,-62.32685470581055,-13.852191925048828,-70.59374237060547
1697076421.4579098,-0.012094946578145027,0.05195761099457741,0.972594141960144,0.3634640872478485,0.6575291752815247,-0.9687454700469971,-62.10271072387695,-14.607366561889648,-70.78614807128906
1697076421.5181785,-0.08367728441953659,0.07987875491380692,0.955535352230072,0.04550870880484581,0.23450498282909393,-0.7393655776977539,-62.80421447753906,-14.918408393859863,-70.00372314453125
1697076421.5981328,0.028851065784692764,0.010440080426633358,0.9041153192520142,0.1221722960472107,0.00023816083557903767,-0.18195106089115143,-63.2389030456543,-15.16244888305664,-70.0374984741211
1697076421.6581087,-0.07997474819421768,-0.07478003203868866,0.952610969543457,0.6798922419548035,-0.07611999660730362,-0.549691915512085,-63.42131805419922,-15.166094779968262,-70.4670181274414
1697076421.752735,-0.03702534735202789,0.05195761099457741,0.9894092082977295,-0.07330458611249924,-0.2499111443758011,-0.35329875349998474,-64.43229675292969,-13.699565887451172,-67.50257873535156
1697076421.8408327,-0.1903102844953537,-0.06151260435581207,0.8193088173866272,-0.21899594366550446,-0.09352965652942657,-0.4666142761707306,-65.06829833984375,-13.317106246948242,-66.64060974121094
1697076421.911124,-0.13674695789813995,-0.03304794803261757,0.987459659576416,0.03390226885676384,-0.08100691437721252,-0.44370681047439575,-65.64492797851562,-13.30827522277832,-66.51117706298828
1697076421.9833038,-0.08515829592943192,0.010440080426633358,1.0050058364868164,-0.006907623261213303,-0.03550145775079727,-0.025139812380075455,-65.59101104736328,-13.24001693725586,-67.0404281616211
1697076422.0635045,-0.09404438734054565,0.03666168078780174,0.9937956929206848,-0.027856113389134407,0.21066559851169586,0.1868063509464264,-65.85466766357422,-12.664578437805176,-66.72888946533203
1697076422.1401556,-0.062202583998441696,0.08764811605215073,1.0525267124176025,0.29009923338890076,0.10987283289432526,-0.04287898540496826,-66.49356079101562,-11.192150115966797,-66.53185272216797
1697076422.2191865,0.07079420238733292,0.18816424906253815,1.134896159172058,-0.1069631576538086,-0.9392881989479065,-0.47262269258499146,-67.08170318603516,-9.8735990524292,-66.08062744140625
1697076422.2986329,0.0802495926618576,0.08691974729299545,0.8419725894927979,0.3521020710468292,0.44340527057647705,-0.2582089900970459,-67.1408462524414,-8.565096855163574,-64.72777557373047
1697076422.3726223,0.020850349217653275,0.20273180305957794,0.8692666292190552,-0.2667044401168823,-0.00558069720864296,-0.14336630702018738,-67.40704345703125,-7.393645763397217,-63.78463363647461
